symbol,company_name,sales_growth_ttm_vs_prior_ttm_pct,sales_growth_latest_q_yoy_pct,sales_growth_ttm_accel_pp,sales_growth_4q_net_accel_pp,gross_profit_to_sales_ttm_pct,fcf_to_sales_ttm_pct,ev_to_sales_ttm,pe_ratio_ttm
TK,Teekay Corporation,44.78,186.99,70.82,215.95,51.34,22.86,-0.06,3.41
OTEX,Open Text Corporation,76.92,300.32,87.61,304.09,73.55,16.29,1.2,5.26
TLK,Telkom Indonesia Persero Tbk PT ADR,26.49,108.66,28.71,112.61,62.42,22.17,1.51,11.99
ATLC,Atlanticus Holdings Corporation,212.13,284.17,178.23,243.78,82.87,56.53,4.27,9.3
STNG,Scorpio Tankers Inc.,32.68,77.54,67.22,117.06,59.14,53.9,2.36,4.87
PBR-A,Petróleo Brasileiro S.A. - Petrobras,136.85,59.75,150.47,70.11,48.97,9.37,0.83,2.11
DEC,Diversified Energy Company PLC,36.56,132.85,36.89,194.09,40.44,23.79,1.4,2.2
LPG,Dorian LPG Ltd.,80.0,123.11,122.64,149.47,63.35,38.39,4.21,6.66
SKHY,SK hynix Inc.,145.0,256.78,88.15,221.41,73.39,48.2,8.14,9.93
INSW,"International Seaways, Inc.",57.66,140.1,79.67,164.09,65.95,21.38,4.11,6.33
OSCR,"Oscar Health, Inc.",42.82,70.4,-5.46,41.36,44.93,28.3,0.03,15.61
CRON,Cronos Group Inc.,86.39,111.02,58.38,90.51,33.54,18.34,1.7,17.32
SNDK,Sandisk Corporation,175.3,371.59,164.91,363.58,71.47,56.77,11.46,20.68
PBR,Petróleo Brasileiro S.A. - Petrobras,20.78,59.75,34.4,70.11,49.02,17.93,1.76,4.8
WHD,"Cactus, Inc.",21.79,64.32,22.5,70.11,70.86,23.59,3.33,59.28
EOG,"EOG Resources, Inc.",17.77,60.97,23.16,72.15,70.2,25.15,3.15,11.78
COUR,"Coursera, Inc.",22.69,59.59,15.59,49.75,55.88,3.23,0.11,
MU,"Micron Technology, Inc.",166.98,345.72,108.76,309.16,72.57,28.99,11.76,21.42
SU,Suncor Energy Inc.,18.68,58.53,20.65,65.49,53.97,17.49,2.03,12.4
TGS,Transportadora de Gas del Sur S.A.,44.62,64.07,17.01,69.68,53.57,20.02,2.87,11.37
TIGO,Millicom International Cellular S.A.,29.1,58.82,33.19,64.72,62.91,21.32,3.64,23.01
TNK,Teekay Tankers Ltd.,8.88,62.97,27.15,92.03,42.92,31.83,1.72,5.36
YPF,YPF Sociedad Anónima,202.63,211484.23,217.32,211584.12,35.63,6.68,1.41,25.79
PLTR,Palantir Technologies Inc.,78.92,92.83,40.13,44.82,84.8,54.57,63.9,133.45
COF,Capital One Financial Corporation,36.91,21.03,27.13,-2.66,66.19,40.96,1.54,12.56
EZPW,"EZCORP, Inc.",28.61,34.65,20.3,24.15,57.95,8.86,1.36,10.43
CYD,China Yuchai International Limited,95.16,228.63,84.67,229.18,16.41,5.53,0.08,10.07
PICS,PicS N.V.,65.72,9.43,,,51.41,14.97,-0.13,5.83
PAYP,PayPay Corporation,28.88,27.79,,,79.04,52.56,4.61,12.57
NXST,"Nexstar Media Group, Inc.",30.98,150.61,24.43,153.76,52.19,10.67,2.53,30.43
LQDA,Liquidia Corporation,2233.65,1842.73,2203.44,1701.22,92.48,13.42,13.79,45.97
CDNA,"CareDx, Inc",34.41,52.23,19.68,58.29,70.58,18.57,4.58,22.07
RBLX,Roblox Corporation,41.34,35.93,13.95,14.99,78.94,28.84,4.63,
TGB,Trekor Metals Limited,52.91,100.38,53.53,116.1,36.78,30.77,4.0,343.04
SNY,Sanofi,13.42,14.58,19.68,20.25,73.02,24.06,2.26,23.54
ECO,Okeanis Eco Tankers Corp.,105.24,239.4,120.01,255.51,67.35,6.36,3.7,5.25
KRP,"Kimbell Royalty Partners, LP",14.35,46.58,14.34,35.07,82.01,64.42,5.24,16.73
VEON,VEON Ltd.,15.13,16.93,7.86,11.09,78.36,17.34,1.48,66.11
VOD,Vodafone Group Public Limited Company,5.92,43.03,23.33,79.02,32.41,23.73,0.88,
KD,"Kyndryl Holdings, Inc.",75.56,303.21,75.83,303.1,21.86,0.56,0.21,8.08
MNR,Mach Natural Resources LP,44.06,40.7,23.74,20.49,53.24,11.01,2.25,8.64
HNI,HNI Corporation,70.13,120.72,70.96,113.76,40.01,-2.35,1.14,802.56
SNPS,"Synopsys, Inc.",39.51,41.87,34.41,31.59,73.47,30.83,9.7,98.13
STUB,"StubHub Holdings, Inc.",7.87,33.18,-10.74,36.12,80.51,32.74,1.07,
ELF,"e.l.f. Beauty, Inc.",31.23,35.52,12.62,26.5,74.44,15.9,3.7,99.62
MEOH,Methanex Corporation,19.25,75.17,19.39,88.63,28.58,17.34,1.72,51.74
ARHS,"Arhaus, Inc.",28.96,95.06,24.2,79.36,39.09,2.37,1.01,19.71
MUR,Murphy Oil Corporation,8.82,35.9,26.91,50.63,82.33,10.91,2.39,18.55
LSCC,Lattice Semiconductor Corporation,33.25,62.2,55.4,62.28,67.66,32.44,24.73,446.95
OVV,Ovintiv Inc.,4.67,29.98,16.61,28.67,62.69,45.46,2.35,19.99
STAA,STAAR Surgical Company,51.3,111.04,83.89,166.28,76.23,-1.99,3.02,304.77
MELI,"MercadoLibre, Inc.",46.01,49.76,9.05,15.92,42.68,35.42,2.97,52.04
FIGS,"FIGS, Inc.",24.67,28.81,21.26,22.98,68.43,13.69,3.06,38.94
SUN,Sunoco LP,83.34,164.55,91.99,177.24,10.75,4.19,0.62,9.35
RHLD,"Resolute Holdings Management, Inc.",159.47,295.68,154.07,285.52,40.86,7.29,2.8,6.65
HAS,"Hasbro, Inc.",16.99,16.19,23.47,17.65,70.28,24.4,3.1,16.65
DMLP,"Dorchester Minerals, L.P.",13.91,73.1,9.33,86.39,72.84,81.52,6.8,15.68
DLO,Dlocal Limited,57.03,55.84,35.0,6.11,34.28,31.25,2.58,20.69
SM,SM Energy Company,77.52,218.44,50.33,194.5,61.49,-0.68,2.8,9.01
GBTG,"Global Business Travel Group, Inc.",30.16,37.88,26.55,36.92,58.5,3.21,1.9,56.15
ERO,Ero Copper Corp.,95.16,73.88,74.57,34.24,42.91,14.68,3.96,11.81
EDU,New Oriental Education & Technology Group Inc.,15.62,23.2,2.02,13.83,54.64,13.77,0.75,18.28
SCCO,Southern Copper Corporation,32.8,40.58,19.79,42.74,62.26,37.78,10.51,29.06
EXPE,"Expedia Group, Inc.",12.0,13.97,6.31,7.56,90.43,32.13,2.3,18.42
DNOW,Dnow Inc.,69.84,108.12,67.06,108.91,15.9,3.33,0.81,
DKS,"DICK'S Sporting Goods, Inc.",41.22,62.68,37.89,57.5,32.21,3.16,1.17,17.24
TER,"Teradyne, Inc.",57.87,103.9,53.3,114.59,59.31,17.92,13.31,51.87
CP,Canadian Pacific Kansas City Ltd.,50.09,160.71,45.32,158.04,60.08,10.73,6.27,27.52
OMC,Omnicom Group Inc.,40.6,63.43,35.4,59.23,17.54,10.68,1.43,60.99
CRGY,Crescent Energy Company,24.25,55.34,-8.59,17.89,75.26,20.87,2.2,81.74
DGII,Digi International Inc.,20.26,28.98,22.63,26.78,63.82,26.7,5.62,56.47
ITRN,Ituran Location and Control Ltd.,15.79,20.73,12.49,18.47,49.95,21.17,2.34,15.94
FUBO,fuboTV Inc.,206.41,289.96,199.77,292.77,7.14,-8.58,0.26,
DOO,BRP Inc.,16.14,29.5,36.56,36.4,22.85,12.0,0.99,24.89
FCFS,"FirstCash Holdings, Inc",21.61,29.38,19.12,29.43,48.92,14.47,2.8,23.2
CRH,CRH plc,73.26,23.71,70.57,26.86,35.79,4.77,1.37,11.54
BP,BP p.l.c.,16.96,50.37,24.42,51.79,22.26,7.4,0.71,21.61
ADI,"Analog Devices, Inc.",33.65,39.63,26.57,15.06,65.8,35.57,13.68,44.28
MGY,Magnolia Oil & Gas Corporation,11.35,50.11,8.68,55.38,57.59,35.52,4.52,15.47
WSE,Wise Group plc Class A Ordinary Shares,59.96,43.95,-81.73,-103.21,64.71,207.75,-3.92,11.59
SANM,Sanmina Corporation,58.56,69.67,52.78,58.81,9.01,4.66,0.85,33.36
DINO,HF Sinclair Corporation,16.26,53.15,30.82,66.69,12.78,8.18,0.56,8.76
WES,"Western Midstream Partners, LP",18.0,29.97,10.89,25.92,66.47,51.91,6.74,15.94
CEPU,Central Puerto S.A.,104.05,224.74,82.39,224.47,34.06,3.66,2.35,6.1
TPL,Texas Pacific Land Corporation,20.82,31.2,10.13,22.38,100.32,58.68,28.24,47.25
BG,Bunge Global S.A.,80.52,88.28,89.4,91.84,4.94,-0.77,0.42,22.38
VIST,"Vista Energy, S.A.B. de C.V.",77.79,102.26,32.19,48.36,49.28,3.92,3.0,8.83
YOU,"Clear Secure, Inc.",19.77,26.56,-0.08,9.04,90.02,69.34,3.56,29.83
CSTM,Constellium SE,42.0,53.84,53.02,61.38,13.15,2.32,0.55,6.5
TIC,"TIC Solutions, Inc.",84.56,86.14,,,31.98,-0.07,1.61,
SUPN,"Supernus Pharmaceuticals, Inc.",24.85,32.4,19.31,34.11,88.07,2.26,2.93,
LLY,Eli Lilly and Company,49.58,47.67,12.75,10.02,84.01,25.17,15.55,44.65
KEYS,"Keysight Technologies, Inc.",25.54,36.54,20.74,25.45,64.69,23.79,8.18,42.74
MCHP,Microchip Technology Incorporated,20.93,38.05,56.62,51.4,60.19,21.69,9.12,92.31
BKV,BKV Corporation,72.95,127.91,60.91,79.46,60.88,-13.88,3.08,10.69
KDP,Keurig Dr Pepper Inc.,27.48,75.57,22.86,69.43,49.39,9.82,3.8,30.46
ET,Energy Transfer LP,29.65,78.43,33.31,85.61,24.11,5.0,1.36,12.51
PARR,"Par Pacific Holdings, Inc.",13.19,56.8,26.27,62.95,22.67,5.09,0.55,4.33
VSH,"Vishay Intertechnology, Inc.",42.05,126.67,48.41,123.84,20.95,-0.17,1.02,124.73
FRO,Frontline Plc,18.51,66.93,17.63,92.96,41.47,26.29,5.29,10.77
CLOV,"Clover Health Investments, Corp.",54.03,55.6,48.21,21.53,18.57,3.0,0.79,
BBUC,Brookfield Business Corporation,162.33,249.3,84.88,252.88,19.34,1.86,1.55,
MSGE,Madison Square Garden Entertainment Corp.,12.52,27.37,14.25,44.53,45.11,41.6,3.96,58.07
DHT,"DHT Holdings, Inc.",38.89,122.12,47.93,137.27,59.5,4.94,4.8,6.74
LGN,Legence Corp. Class A Common stock,78.84,110.74,,,16.74,8.63,2.2,
BSM,"Black Stone Minerals, L.P.",12.63,14.44,27.6,21.79,78.38,53.45,6.88,11.05
TLN,Talen Energy Corporation,65.84,64.54,59.01,54.61,44.57,14.45,6.62,
TECK,Teck Resources Limited,40.5,78.28,35.89,66.01,34.92,10.89,3.41,17.57
WERN,"Werner Enterprises, Inc.",9.64,24.0,16.08,25.01,57.83,1.64,0.97,
SMCI,"Super Micro Computer, Inc.",77.79,93.16,60.7,85.64,10.82,-17.85,0.57,10.42
ADEA,Adeia Inc.,24.35,12.11,18.87,13.96,75.36,38.54,6.88,24.31
SE,Sea Limited,43.06,48.07,9.11,9.91,44.34,11.22,2.37,43.08
GPN,Global Payments Inc.,14.78,69.71,19.29,70.43,63.89,8.07,3.92,
SQM,Sociedad Química y Minera de Chile S.A.,18.54,69.78,47.28,74.2,34.52,20.31,4.43,27.17
LTM,LATAM Airlines Group S.A.,20.42,26.71,15.22,19.31,26.98,12.12,1.32,9.34
GIL,Gildan Activewear Inc.,40.99,67.93,36.87,61.39,28.16,10.4,2.77,135.29
DCH,Dauch Corp.,40.98,92.4,47.71,98.28,10.0,-0.37,0.72,
CHRD,Chord Energy Corporation,19.23,84.04,-0.32,90.39,27.39,18.81,1.47,9.87
KLAR,Klarna Group plc,47.3,26.61,35.94,5.8,46.3,-64.77,0.65,
FOUR,"Shift4 Payments, Inc.",32.44,34.03,8.58,17.2,35.91,10.74,1.78,47.99
MPC,Marathon Petroleum Corporation,15.26,53.83,24.89,64.69,11.62,8.38,0.86,12.41
J,Jacobs Solutions Inc.,84.34,34.57,124.21,29.44,22.07,4.53,1.43,52.22
ALB,Albemarle Corporation,18.32,31.08,51.36,38.1,23.89,22.72,2.76,71.13
PTRN,Pattern Group Inc. Series A Common Stock,43.94,46.58,,7.68,43.42,3.52,0.95,
FLYW,Flywire Corp,32.21,27.18,10.0,-0.03,57.49,21.4,2.81,67.57
FIS,"Fidelity National Information Services, Inc.",20.37,29.09,16.81,24.03,37.07,21.78,3.34,6.25
NIO,NIO Inc.,48.11,112.16,24.4,90.7,15.69,-13.82,0.7,
KMT,Kennametal Inc.,19.82,42.63,23.73,47.58,41.06,-3.43,1.26,6.7
COP,ConocoPhillips,8.24,29.39,5.79,26.52,50.78,31.39,2.88,17.68
ARLO,"Arlo Technologies, Inc.",15.65,20.5,17.39,18.97,45.97,11.39,2.21,46.98
VNOM,"Viper Energy, Inc.",103.0,129.27,97.42,96.4,51.7,8.53,9.02,273.8
KLIC,"Kulicke and Soffa Industries, Inc.",44.44,122.63,53.99,140.93,48.18,4.21,4.26,39.14
PATH,UiPath Inc.,15.24,17.32,8.03,10.9,82.96,22.44,4.33,25.87
AS,"Amer Sports, Inc.",30.49,32.06,8.27,8.6,59.81,9.23,2.61,34.82
CVI,"CVR Energy, Inc.",17.88,55.48,33.86,65.95,3.4,4.08,0.56,53.6
SITM,SiTime Corporation,83.03,126.54,17.91,68.12,58.71,12.1,32.46,1120.54
SHOO,"Steven Madden, Ltd.",18.0,19.12,10.04,12.35,46.06,7.97,1.32,23.33
CPAY,"Corpay, Inc.",20.36,21.49,11.14,8.54,73.34,32.63,6.89,23.76
LITE,Lumentum Holdings Inc.,83.22,109.34,53.81,53.42,41.67,18.26,22.05,
CVX,Chevron Corporation,11.17,51.43,15.88,61.92,31.0,12.76,2.12,20.06
HPE,Hewlett Packard Enterprise Company,23.21,40.72,11.58,35.07,32.92,10.26,2.22,46.33
WAT,Waters Corporation,52.47,113.27,46.57,104.4,50.78,8.54,7.71,187.17
KALU,Kaiser Aluminum Corporation,32.83,52.67,28.22,46.24,11.55,2.1,0.84,10.79
CHGCY,"Chugai Pharmaceutical Co., Ltd.",18.22,19.34,7.93,27.54,71.37,29.42,7.54,23.4
DK,"Delek US Holdings, Inc.",11.4,47.83,39.79,64.26,8.52,5.68,0.55,17.68
GRND,Grindr Inc.,32.38,32.54,4.03,5.98,74.73,29.18,6.26,29.41
CDRE,"Cadre Holdings, Inc.",19.74,31.84,12.08,22.97,40.75,11.39,2.58,39.41
NEXA,Nexa Resources S.A.,23.32,27.0,16.07,30.79,24.13,5.04,0.97,6.73
BW,"Babcock & Wilcox Enterprises, Inc.",48.41,121.94,82.62,160.29,19.97,-6.9,1.48,
ALGT,Allegiant Travel Company,12.24,36.86,9.07,33.39,44.1,4.03,1.33,78.54
USAC,"USA Compression Partners, LP",19.87,36.79,11.65,30.5,44.65,26.34,5.78,26.3
AMN,"AMN Healthcare Services, Inc.",23.99,2.29,38.32,13.43,27.79,12.79,0.52,12.99
SHEL,Shell plc,9.04,44.73,18.98,56.9,17.12,10.64,1.02,10.08
PSX,Phillips 66,15.77,53.75,28.57,66.68,9.78,4.16,0.74,13.78
GME,GameStop Corp.,1.61,14.05,26.91,30.99,34.39,19.85,1.08,10.54
TEX,Terex Corporation,29.17,50.5,29.52,42.88,17.67,5.08,1.45,49.74
AVT,"Avnet, Inc.",24.47,47.66,31.02,46.68,10.43,-1.28,0.38,21.55
HNGE,"Hinge Health, Inc.",49.76,53.0,6.42,-1.86,84.52,39.9,8.84,61.9
STRL,"Sterling Infrastructure, Inc.",60.83,90.11,57.52,84.68,23.59,13.98,4.59,36.88
DELL,Dell Technologies Inc.,38.75,87.54,31.14,82.44,19.07,7.05,2.3,34.3
BE,Bloom Energy Corporation,90.98,165.52,68.26,146.02,31.24,20.18,18.91,239.89
FICO,Fair Isaac Corporation,24.09,25.68,7.43,5.91,85.1,41.61,12.72,30.8
ARW,"Arrow Electronics, Inc.",26.05,31.82,30.0,21.86,11.2,2.5,0.35,12.99
META,"Meta Platforms, Inc.",27.65,27.96,8.28,6.34,81.75,17.95,6.15,20.3
AIP,"Arteris, Inc.",33.81,46.25,15.17,33.03,86.85,8.0,11.64,
U,Unity Software Inc.,13.98,23.93,27.73,25.78,61.6,26.54,9.93,
PBF,PBF Energy Inc.,13.54,56.23,32.27,70.66,4.47,2.16,0.3,6.34
HCC,"Warrior Met Coal, Inc.",37.47,70.56,65.04,95.2,41.84,0.37,3.18,24.72
EBAY,eBay Inc.,14.69,14.8,11.94,8.66,72.49,20.23,4.19,20.95
ATAT,Atour Lifestyle Holdings Limited,39.17,47.51,-4.21,17.71,43.64,20.54,2.54,17.15
EQNR,Equinor ASA,6.72,37.38,5.63,38.68,38.16,8.42,0.97,11.27
LZ,"LegalZoom.com, Inc.",12.26,6.64,8.07,-1.9,66.7,18.88,1.09,60.19
VALE,Vale S.A.,14.24,19.16,28.37,30.41,34.32,9.36,1.79,29.76
GVA,Granite Construction Incorporated,21.8,29.3,14.62,25.28,15.64,9.5,1.23,
DDOG,"Datadog, Inc.",31.52,35.64,5.52,7.52,79.51,29.11,19.86,464.57
SENEA,Seneca Foods Corporation,12.46,36.21,5.15,38.6,13.42,12.99,0.83,11.14
NWSA,News Corporation,6.81,10.81,15.0,28.97,56.89,11.9,1.93,28.91
AR,Antero Resources Corporation,23.46,29.55,9.63,-0.18,45.55,24.15,2.77,10.64
SNAP,Snap Inc.,12.65,18.89,-0.53,10.14,57.31,11.11,1.07,
AMD,"Advanced Micro Devices, Inc.",39.54,50.11,12.37,18.41,53.2,20.34,18.1,117.56
JHX,James Hardie Industries plc,42.93,63.86,47.67,73.14,35.88,6.53,4.01,119.83
BFH,"Bread Financial Holdings, Inc.",0.66,3.39,4.74,6.02,63.99,45.96,0.81,7.45
PANW,"Palo Alto Networks, Inc.",19.51,31.15,5.6,15.82,71.94,40.48,27.08,342.06
ARM,Arm Holdings plc American Depositary Shares,25.12,22.41,7.27,10.27,95.35,28.59,50.69,253.62
SEDG,"SolarEdge Technologies, Inc.",41.65,19.63,79.41,10.58,22.16,6.76,1.29,
PAGP,Plains GP Holdings LP,9.43,66.26,12.91,82.84,5.09,5.02,0.24,9.42
CALX,"Calix, Inc.",27.84,21.27,36.64,-0.81,56.58,7.69,2.11,49.41
FTNT,"Fortinet, Inc.",18.77,25.64,4.31,11.99,80.38,41.41,14.37,52.69
UAL,"United Airlines Holdings, Inc.",8.48,15.99,4.25,14.32,65.06,4.04,0.85,10.41
MQ,"Marqeta, Inc.",22.41,17.02,4.94,-3.03,57.16,25.2,2.25,146.9
LUV,Southwest Airlines Co.,9.47,16.41,7.84,17.91,61.02,-2.06,0.76,23.64
HUBS,"HubSpot, Inc.",21.09,19.83,2.14,0.43,83.25,22.25,3.26,83.94
PL,Planet Labs PBC,34.15,42.08,24.63,32.44,55.51,14.05,20.83,
APP,AppLovin Corporation,47.63,52.82,18.66,-24.21,88.46,65.88,15.4,23.75
TEAM,Atlassian Corporation,26.02,27.6,6.36,5.27,84.83,20.07,7.01,
VIAV,Viavi Solutions Inc.,40.03,52.53,31.64,37.25,57.66,5.45,6.32,
ANET,"Arista Networks, Inc.",32.57,37.69,6.6,7.26,63.0,48.91,20.95,57.9
CNQ,Canadian Natural Resources Limited,10.09,77.92,6.88,86.84,34.46,19.47,3.33,12.44
KNSA,"Kiniksa Pharmaceuticals International, plc",58.85,55.36,2.67,11.02,54.49,21.78,6.47,73.87
CPA,"Copa Holdings, S.A.",14.75,25.72,15.28,22.89,30.56,4.28,1.13,8.41
YMHAY,"Yamaha Motor Co., Ltd.",12.32,19.55,14.05,27.42,31.11,4.76,0.88,23.56
KYIV,Kyivstar Group Ltd. Common Shares,137.48,19.37,,-1.48,61.72,21.33,2.34,18.08
FIX,"Comfort Systems USA, Inc.",46.11,50.26,19.78,30.21,25.67,19.24,5.08,40.84
NVT,nVent Electric plc,46.19,52.77,37.71,22.58,36.97,11.95,5.44,41.78
NRG,"NRG Energy, Inc.",25.14,64.12,23.32,62.91,16.42,0.95,1.31,29.05
WOR,"Worthington Industries, Inc.",19.72,16.85,27.1,17.14,27.33,15.18,2.27,18.01
NESR,National Energy Services Reunited Corp.,23.55,59.07,16.96,58.33,12.5,9.66,2.12,35.51
SNN,Smith & Nephew plc,11.4,9.55,5.07,0.82,69.49,13.49,1.25,10.93
ASTH,"Astrana Health, Inc.",58.91,48.52,6.94,13.86,9.22,4.12,0.66,47.87
SPHR,Sphere Entertainment Co.,23.41,10.95,16.34,7.56,54.23,26.46,4.55,
KAI,Kadant Inc.,12.5,22.57,10.76,29.66,44.44,13.89,3.07,33.48
HLF,Herbalife Nutrition Ltd.,5.52,5.38,7.77,7.09,75.87,8.18,0.59,7.6
LOMA,Loma Negra Compañía Industrial Argentina Sociedad Anónima,22.14,36.41,31.79,44.44,21.54,7.72,2.15,35.41
AVGO,Broadcom Inc.,32.29,47.87,-1.56,27.72,66.96,43.41,23.48,58.89
NXPI,NXP Semiconductors N.V.,8.77,19.48,16.3,25.91,55.85,22.4,4.89,19.06
CRDO,Credo Technology Group Holding Ltd,205.68,157.02,79.33,-22.71,68.04,30.48,31.3,91.47
P,"Everpure, Inc.",21.03,35.25,10.18,22.99,70.23,13.1,9.06,163.22
IMO,Imperial Oil Limited,12.91,43.37,18.76,59.4,17.6,8.99,1.68,21.22
TCOM,Trip.com Group Limited,16.76,16.49,-0.18,0.32,80.33,21.07,2.37,6.44
PAA,"Plains All American Pipeline, L.P.",9.25,66.26,12.72,82.84,4.49,4.55,0.47,6.18
ARCB,ArcBest Corp,3.7,15.87,10.12,21.03,53.78,4.58,0.8,188.05
PINS,"Pinterest, Inc.",16.64,18.17,-0.36,1.24,79.47,34.95,3.19,58.73
CEG,Constellation Energy Corporation,25.99,23.03,20.56,11.6,94.91,0.99,3.89,28.18
CART,Maplebear Inc.,12.61,14.11,2.14,3.06,72.43,29.43,2.84,25.34
ADSK,"Autodesk, Inc.",18.28,18.43,5.84,3.19,91.14,36.35,7.11,36.61
DY,"Dycom Industries, Inc.",29.76,56.11,16.99,45.94,19.61,7.04,2.3,38.3
MNSO,MINISO Group Holding Limited,27.61,27.71,6.47,8.82,44.72,0.0,1.2,11.19
FIVE,"Five Below, Inc.",25.87,32.46,15.17,12.92,34.83,9.95,2.77,29.96
PR,Permian Resources Corporation,12.81,55.15,-3.56,59.04,49.9,28.15,3.98,16.05
MNDY,monday.com Ltd.,24.21,21.94,-6.03,-4.7,88.74,21.84,2.19,31.63
ESI,Element Solutions Inc,26.61,56.41,21.2,54.37,38.42,4.18,3.37,48.67
CXT,"Crane NXT, Co.",17.28,21.96,7.0,12.84,42.12,11.09,2.26,20.2
BHC,Bausch Health Companies Inc.,10.09,12.73,2.96,7.44,71.82,12.83,1.98,
ITT,ITT Inc.,28.07,51.49,21.38,44.15,34.64,10.74,4.67,44.78
BILL,"Bill.com Holdings, Inc.",13.03,13.78,-0.33,2.24,80.93,25.72,2.59,
DASH,"DoorDash, Inc.",33.59,35.63,9.82,10.76,51.41,15.08,5.97,115.4
CCO,"Clear Channel Outdoor Holdings, Inc.",9.11,8.75,32.82,1.75,60.68,4.19,0.72,
EE,"Excelerate Energy, Inc.",48.97,60.97,39.11,49.39,36.98,2.49,3.78,95.21
NVGS,Navigator Holdings Ltd.,8.39,29.55,7.21,41.16,38.38,21.68,3.27,9.68
COHU,"Cohu, Inc.",32.66,38.37,53.93,35.53,39.2,6.68,4.53,
TTE,TotalEnergies SE,4.95,27.8,15.95,36.97,30.66,8.31,1.19,11.41
INTA,"Intapp, Inc.",15.99,18.18,4.74,5.34,75.78,23.6,5.07,
MO,"Altria Group, Inc.",7.95,15.52,8.12,15.27,70.99,37.97,6.12,13.99
NVDA,NVIDIA Corporation,70.68,85.23,-15.49,16.04,74.15,46.97,20.52,33.01
SBLK,Star Bulk Carriers Corp.,6.34,44.46,3.39,74.35,41.64,23.78,3.32,11.76
FROG,JFrog Ltd.,26.37,28.73,4.4,5.27,77.86,28.29,16.87,
SONO,"Sonos, Inc.",5.64,8.85,15.66,22.04,46.51,8.4,1.14,
SHLS,"Shoals Technologies Group, Inc.",46.88,47.39,58.84,35.71,31.92,-8.77,2.43,38.03
BHP,BHP Group Limited,0.64,8.92,11.39,26.72,59.18,19.3,2.24,12.6
RS,Reliance Steel & Aluminum Co.,15.44,26.51,19.35,26.06,26.89,3.41,1.35,21.82
BOX,"Box, Inc.",9.55,10.74,4.67,6.35,79.56,29.23,3.87,41.37
COCO,"The Vita Coco Company, Inc.",26.1,28.08,14.13,10.98,40.97,17.63,5.02,34.83
APPS,"Digital Turbine, Inc.",19.24,26.78,16.36,15.81,49.08,3.53,2.7,
WIX,Wix.com Ltd.,14.18,14.93,1.14,2.49,66.64,21.01,2.47,
LIF,"Life360, Inc.",33.96,37.77,3.93,1.81,77.59,16.92,6.15,24.96
GCT,GigaCloud Technology Inc.,22.86,27.6,1.67,23.82,23.96,10.75,1.36,11.94
MPLX,MPLX Lp,14.17,18.79,8.42,14.92,52.17,34.37,6.55,12.58
CX,"CEMEX, S.A.B. de C.V.",9.68,11.34,13.89,16.64,33.66,10.67,1.27,31.87
TE,T1 Energy Inc,426.99,88.4,,,8.35,-18.54,1.91,
ECVT,Ecovyst Inc.,23.41,24.92,21.26,15.45,21.04,8.31,1.84,
NTCT,"NetScout Systems, Inc.",5.79,12.68,0.49,5.7,78.57,29.22,2.46,22.84
CIEN,Ciena Corporation,30.59,39.51,28.5,20.03,43.05,14.95,10.12,127.66
LNVGY,Lenovo Group Limited,25.82,43.27,3.89,21.52,15.72,2.17,0.52,58.99
CGNX,Cognex Corporation,17.15,16.93,7.01,12.83,68.87,24.64,8.84,57.0
WLDN,"Willdan Group, Inc.",18.09,33.18,4.27,10.14,37.79,8.4,1.81,19.75
CSW,"CSW Industrials, Inc.",27.71,33.0,15.44,16.43,42.38,12.34,5.21,43.74
TDC,Teradata Corporation,0.96,0.49,7.69,6.91,60.91,44.06,1.35,5.66
MNST,Monster Beverage Corporation,20.37,20.17,16.66,9.07,55.55,22.76,9.7,43.64
RPRX,Royalty Pharma plc,10.01,16.5,6.99,8.79,89.38,117.37,13.89,33.23
SIMO,Silicon Motion Technology Corporation,70.87,127.0,71.64,132.7,48.87,-9.17,6.25,28.41
BRZE,"Braze, Inc.",26.95,30.2,4.3,10.56,66.46,8.38,4.04,
IX,ORIX Corporation,17.59,14.05,14.44,5.51,35.3,39.97,3.47,10.68
CMC,Commercial Metals Company,15.23,22.93,20.87,25.75,18.56,4.58,1.14,12.23
SGML,Sigma Lithium Corporation,4.89,330.08,54.21,403.09,43.84,20.3,10.18,
DAL,"Delta Air Lines, Inc.",10.28,18.67,7.27,18.73,27.32,8.88,1.01,13.56
TPR,"Tapestry, Inc.",14.17,8.9,9.08,0.6,77.82,22.64,3.61,17.07
XOM,Exxon Mobil Corporation,9.62,44.1,12.92,55.78,25.15,8.46,2.01,21.19
CLS,Celestica Inc.,47.49,62.39,26.97,41.42,11.59,3.33,2.21,30.68
NMM,Navios Maritime Partners L.P.,5.87,17.39,5.59,21.93,65.81,15.25,3.14,7.0
PAYX,"Paychex, Inc.",16.88,12.49,11.32,2.28,74.29,35.65,7.28,24.97
LNG,"Cheniere Energy, Inc.",22.43,26.26,11.23,-13.61,52.94,31.65,3.73,19.9
HLN,Haleon plc,14.45,1.88,13.79,2.33,65.1,15.9,2.03,11.29
MUSA,Murphy USA Inc.,10.27,35.99,18.22,44.18,7.26,2.52,0.61,17.22
RSI,"Rush Street Interactive, Inc.",34.29,46.27,7.3,24.11,34.97,12.49,4.37,197.74
WKC,World Kinect Corporation,7.92,51.3,24.02,69.03,1.95,-0.04,0.06,
CF,"CF Industries Holdings, Inc.",20.04,17.57,10.51,-2.66,42.54,24.68,2.65,9.24
STLD,"Steel Dynamics, Inc.",19.77,33.44,25.28,34.89,14.62,4.65,1.72,19.7
CRM,"Salesforce, Inc.",10.98,13.27,3.01,5.65,77.64,34.23,4.67,21.18
PAM,Pampa Energía S.A.,23.14,53.5,30.34,56.3,33.1,-16.43,2.35,7.62
IMAX,IMAX Corporation,14.79,12.17,13.54,9.11,59.14,30.38,7.3,71.2
SNOW,Snowflake Inc.,31.07,33.48,3.57,7.73,67.15,23.24,22.01,
VLO,Valero Energy Corporation,7.39,22.62,19.02,35.96,11.33,7.61,0.78,13.81
TXN,Texas Instruments Incorporated,16.66,22.82,13.04,6.44,58.33,27.53,12.84,40.11
DAR,Darling Ingredients Inc.,15.07,16.47,21.91,14.76,25.04,13.44,2.29,18.38
DFIN,"Donnelley Financial Solutions, Inc.",2.98,2.8,8.91,12.93,61.98,19.59,1.78,34.07
NET,"Cloudflare, Inc.",33.53,35.87,6.21,8.1,72.58,15.07,39.48,
BB,BlackBerry Limited,8.39,25.64,16.14,27.01,77.13,11.15,7.99,79.98
DKL,"Delek Logistics Partners, LP",30.33,56.18,42.41,63.09,17.34,10.7,4.39,18.6
MXL,"MaxLinear, Inc.",50.5,55.17,66.15,36.88,57.42,0.58,10.6,
APPN,Appian Corporation,20.9,19.11,7.23,2.6,73.08,9.65,3.66,
STN,Stantec Inc.,11.76,23.41,-0.44,47.07,43.27,8.21,1.72,22.92
SNX,TD Synnex Corp,16.26,30.97,9.66,23.81,6.83,0.54,0.34,17.64
USPH,"U.S. Physical Therapy, Inc.",17.12,30.38,11.14,32.18,19.17,8.22,2.01,
AMKR,"Amkor Technology, Inc.",17.93,25.58,19.13,22.16,15.51,6.92,1.7,22.8
LYFT,"Lyft, Inc.",10.81,16.08,-9.13,5.47,45.52,16.92,0.88,2.29
NWPX,"NWPX Infrastructure, Inc.",15.09,19.74,9.25,16.9,20.88,13.87,1.99,21.79
SOFI,"SoFi Technologies, Inc.",34.18,39.09,8.97,7.84,76.46,-89.29,3.42,36.2
LFST,"LifeStance Health Group, Inc.",20.38,26.08,6.53,15.52,33.56,13.25,3.1,97.6
FIG,"Figma, Inc.",43.43,48.25,-3.01,7.36,79.14,18.03,9.1,
ADBE,Adobe Inc.,11.49,12.69,0.86,2.06,89.12,42.17,4.36,15.01
AMPL,"Amplitude, Inc.",18.26,21.16,8.32,7.55,72.42,7.56,4.17,
ABNB,"Airbnb, Inc.",13.64,16.54,3.4,3.87,82.9,36.99,7.63,40.88
FOX,Fox Corporation,5.07,28.14,-11.53,21.83,49.37,21.04,1.75,15.81
LFUS,"Littelfuse, Inc.",15.44,20.44,14.11,10.6,39.28,16.92,4.06,
HUM,Humana Inc.,18.33,26.18,8.45,16.54,13.65,-0.3,0.25,36.05
MKC,"McCormick & Company, Incorporated",9.54,16.7,8.65,15.71,38.62,15.68,2.65,9.18
GEO,"The GEO Group, Inc.",15.32,15.08,14.18,10.3,42.42,5.7,2.05,14.55
WTS,"Watts Water Technologies, Inc.",17.13,18.56,14.17,10.8,48.85,13.05,4.56,32.41
TAL,TAL Education Group,32.64,31.89,-15.28,-6.93,56.01,15.88,1.42,7.69
CMBT,Cmb.Tech N.V.,108.93,121.08,126.77,122.72,35.8,-12.67,5.23,10.6
GNK,Genco Shipping & Trading Limited,25.64,68.54,42.8,92.93,34.29,-35.3,3.16,28.32
CYATY,"Contemporary Amperex Technology Co., Limited",38.79,56.92,,48.66,25.38,16.77,14.04,89.88
MAT,"Mattel, Inc.",2.9,10.48,4.61,16.14,47.41,11.41,1.18,9.91
FLOC,Flowco Holdings Inc.,45.58,22.07,67.43,-85.22,34.17,25.37,2.95,42.2
MDB,"MongoDB, Inc.",23.64,25.25,4.4,3.39,71.97,23.04,12.08,
KOS,Kosmos Energy Ltd.,10.04,54.66,32.17,67.58,36.1,-0.97,2.48,
FORM,"FormFactor, Inc.",18.01,31.89,9.7,32.74,45.64,15.09,9.57,77.49
SPXC,"SPX Technologies, Inc.",20.63,22.92,11.73,12.72,40.24,12.25,4.34,36.94
ZETA,Zeta Global Holdings Corp.,35.91,43.55,-4.69,8.17,61.31,14.29,4.36,
RIO,Rio Tinto Group,7.4,15.75,16.42,25.73,26.56,9.48,1.55,7.45
TEO,Telecom Argentina S.A.,61.83,33.83,-29.73,,76.19,11.04,1.4,11.68
HGV,Hilton Grand Vacations Inc.,9.95,25.12,-3.06,22.61,60.72,7.67,2.02,18.9
NPKI,NPK International Inc.,28.09,19.57,21.14,17.41,35.28,9.43,3.91,30.03
PDS,Precision Drilling Corporation,3.86,11.36,0.76,16.62,70.34,6.18,1.14,
PDD,PDD Holdings Inc.,9.7,10.36,-25.97,0.16,55.98,24.42,0.79,8.92
LASR,"nLIGHT, Inc.",43.24,33.78,33.44,11.56,31.52,15.9,7.66,
RL,Ralph Lauren Corporation,14.68,14.0,5.07,0.32,70.27,12.49,2.84,23.04
CELH,"Celsius Holdings, Inc.",82.86,10.64,71.0,-73.26,48.76,15.19,2.73,74.99
GLBE,Global-e Online Ltd.,31.4,39.15,-1.9,11.25,45.22,26.16,5.75,44.73
AAON,"AAON, Inc.",53.53,101.23,48.15,101.87,25.57,-6.15,3.63,41.18
LAUR,"Laureate Education, Inc.",17.89,17.5,17.46,12.51,27.26,15.67,3.19,16.36
TH,Target Hospitality Corp.,11.92,38.71,47.19,77.55,7.32,25.63,4.99,
CTRI,"Centuri Holdings, Inc.",19.61,28.72,16.93,20.99,8.33,-0.47,0.96,76.59
AVAV,"AeroVironment, Inc.",140.89,133.27,126.4,93.64,25.33,-6.23,4.13,
CLMT,Calumet Inc.,12.8,40.77,17.38,50.21,6.57,3.28,1.39,
BLBD,Blue Bird Corporation,13.46,29.94,4.15,10.54,20.57,9.5,1.22,6.96
CSCO,"Cisco Systems, Inc.",11.77,17.58,6.48,10.02,64.52,21.47,7.09,32.8
ZS,"Zscaler, Inc.",24.61,25.43,-0.85,2.87,76.67,30.26,8.52,
BULL,Webull Corporation Class A Ordinary Shares,47.19,36.26,35.95,4.29,76.55,0.0,6.58,
DIOD,Diodes Incorporated,17.8,21.66,14.94,7.14,31.73,8.72,2.33,48.6
FRSH,Freshworks Inc.,15.57,15.98,-4.21,-1.57,84.96,27.63,3.27,19.41
REAL,"The RealReal, Inc.",17.73,16.58,5.05,2.6,72.33,4.02,2.32,
TWLO,Twilio Inc.,17.82,22.03,6.26,8.55,48.54,19.91,5.68,28.95
GWRE,"Guidewire Software, Inc.",24.92,26.93,6.31,4.98,64.01,17.95,10.68,95.25
LOAR,Loar Holdings Inc.,29.76,39.36,3.61,12.44,52.18,18.09,13.29,102.13
TPC,Tutor Perini Corporation,24.7,19.17,12.68,-2.67,11.48,10.44,0.67,37.95
ZG,"Zillow Group, Inc. Class A",17.67,17.86,2.37,3.35,72.88,9.43,3.08,159.64
Z,"Zillow Group, Inc. Class C",17.67,17.86,2.37,3.35,72.88,8.9,3.01,155.95
DVN,Devon Energy Corporation,14.64,73.13,3.87,63.76,34.04,8.51,3.3,16.5
WMS,"Advanced Drainage Systems, Inc.",10.37,20.63,10.13,18.85,37.65,17.08,3.91,24.37
MTDR,Matador Resources Company,3.2,28.16,-13.0,19.92,102.67,16.08,2.71,10.03
RERE,ATRenew Inc.,30.21,32.63,4.19,5.42,20.63,0.0,0.4,23.18
FSLY,"Fastly, Inc.",20.35,23.27,12.92,10.93,61.47,6.15,5.24,
STMEF,STMicroelectronics N.V.,14.53,26.07,37.98,40.05,34.28,4.09,3.15,96.35
MKSI,MKS Inc.,16.26,28.26,11.79,18.57,44.12,10.44,5.16,42.87
GLNG,Golar LNG Limited,94.64,72.42,97.41,55.45,55.1,-52.12,13.74,32.9
WAY,Waystar Holding Corp.,19.23,18.11,2.08,2.72,69.11,20.42,5.01,35.26
NOW,"ServiceNow, Inc.",22.19,24.01,1.07,1.63,74.77,31.09,9.43,80.9
PPG,"PPG Industries, Inc.",12.33,7.15,28.98,8.1,40.09,8.57,1.89,16.03
MIR,"Mirion Technologies, Inc.",15.68,19.69,7.8,12.07,48.0,13.35,4.43,152.42
NWS,News Corporation,6.81,10.81,4.39,10.0,56.89,11.83,2.13,32.11
ROCK,"Gibraltar Industries, Inc.",11.01,64.63,8.69,51.51,25.01,3.04,1.95,
GKOS,Glaukos Corporation,41.55,49.54,14.85,19.83,79.12,-1.99,17.8,
DAVE,Dave Inc.,48.63,29.63,0.66,-34.83,83.29,50.73,7.06,20.33
ANIP,"ANI Pharmaceuticals, Inc.",30.9,25.87,-7.77,-27.26,65.23,16.3,1.75,16.57
NUE,Nucor Corporation,17.19,22.95,22.97,18.26,15.47,4.38,1.65,19.11
EL,The Estée Lauder Companies Inc.,5.08,6.19,13.32,18.18,75.5,8.74,2.67,193.83
PCTY,Paylocity Holding Corporation,14.29,10.98,7.25,-1.18,69.19,25.29,4.53,30.33
HURN,Huron Consulting Group Inc.,16.28,18.02,7.04,9.72,30.49,8.89,1.88,22.3
Q,"Qnity Electronics, Inc.",19.11,22.14,,,43.26,15.83,5.77,46.12
WK,Workiva Inc.,19.67,18.64,0.64,-2.59,80.21,20.76,4.25,87.99
MYRG,MYR Group Inc.,16.06,20.15,19.86,11.53,12.4,4.83,1.23,30.19
SLM,SLM Corporation,5.37,-1.93,9.05,10.8,54.95,21.17,1.98,6.64
ATRO,Astronics Corporation,14.49,27.01,37.76,23.69,32.54,6.52,3.5,37.29
WDFC,WD-40 Company,10.15,24.35,3.63,23.14,55.82,11.78,4.37,32.44
QFIN,"Qfin Holdings, Inc.",2.39,-3.69,-2.89,-1.43,73.79,41.31,0.32,1.98
CAT,Caterpillar Inc.,18.36,23.98,23.22,24.7,33.87,12.04,5.49,34.3
XYZ,"Block, Inc.",5.07,9.3,3.66,10.95,46.36,19.24,1.89,133.24
ICL,ICL Group Ltd,10.92,16.54,12.14,11.97,30.63,3.77,1.26,23.3
PRDO,Perdoceo Education Corporation,11.68,1.8,-4.32,-23.89,77.08,25.39,0.72,11.48
BL,"BlackLine, Inc.",8.62,9.18,0.62,2.01,75.53,23.25,2.77,53.57
TDG,TransDigm Group Incorporated,16.65,22.53,3.85,13.19,59.57,19.26,9.75,31.49
EW,Edwards Lifesciences Corporation,14.55,13.63,5.76,3.07,77.98,22.01,7.44,51.78
RDDT,"Reddit, Inc.",66.59,61.1,-3.37,-16.59,91.44,36.66,9.11,32.23
WEX,WEX Inc.,7.46,14.24,9.08,16.3,56.71,3.89,2.17,19.42
CAAP,Corporacion America Airports S.A.,13.26,20.05,-14.79,16.64,35.6,22.24,1.96,13.13
CXM,"Sprinklr, Inc.",8.1,6.8,1.34,1.93,66.34,15.66,1.6,62.66
WS,"Worthington Steel, Inc.",11.33,11.56,21.16,20.14,11.69,3.42,0.58,102.58
SYF,Synchrony Financial,2.42,-0.4,0.13,3.22,68.3,48.72,1.27,7.11
RBC,RBC Bearings Incorporated,17.31,19.15,11.83,11.84,45.17,19.71,8.59,50.03
ED,"Consolidated Edison, Inc.",9.5,13.18,0.47,1.54,75.96,28.67,3.78,18.01
VVV,Valvoline Inc.,16.08,24.05,8.54,19.88,38.28,6.89,3.17,42.71
BAESY,BAE Systems plc,20.86,18.0,1.25,-10.11,43.81,11.59,1.19,15.37
OPRA,Opera Limited,24.19,23.16,-2.49,-16.93,58.51,19.94,2.31,14.19
UHS,"Universal Health Services, Inc.",10.05,8.27,0.44,-1.36,90.69,4.56,0.86,6.87
EVTC,"EVERTEC, Inc.",12.36,19.69,-0.57,11.38,43.36,19.19,2.92,18.87
IEP,Icahn Enterprises L.P.,10.13,27.37,21.37,35.81,8.28,-2.28,0.85,
NSSC,"Napco Security Technologies, Inc.",8.83,11.84,6.95,11.94,56.97,28.58,6.27,36.79
NVST,Envista Holdings Corp,11.89,7.1,11.13,-0.64,55.5,8.13,1.55,46.64
YETI,"YETI Holdings, Inc.",6.24,8.52,2.62,12.32,59.21,10.71,1.8,18.44
GOOGL,Alphabet Inc.,20.05,24.23,6.92,10.44,60.9,11.95,8.97,16.91
GOOG,Alphabet Inc.,20.05,24.23,6.92,10.44,60.9,11.95,8.93,16.84
TRMB,Trimble Inc.,5.8,11.0,9.52,10.43,68.36,14.42,3.98,
CRUS,"Cirrus Logic, Inc.",6.25,12.88,1.73,3.99,52.78,27.91,2.55,13.81
ONDS,Ondas Holdings Inc.,979.29,1235.35,904.13,680.41,43.72,-98.0,19.25,28.22
RAL,Ralliant Corp,5.87,12.82,,18.51,48.9,14.99,3.66,
KVYO,"Klaviyo, Inc.",28.89,26.43,-4.29,-5.48,73.79,17.59,3.36,793.7
BSY,"Bentley Systems, Incorporated",12.85,12.8,2.4,2.58,81.84,31.12,7.31,36.54
PAYO,Payoneer Global Inc.,6.31,5.24,-6.71,-3.57,78.0,15.05,-4.93,47.87
IQ,"iQIYI, Inc.",-7.92,584.17,21.44,671.85,17.88,-1.06,0.83,
UGP,Ultrapar Participações S.A.,11.62,24.69,4.24,19.4,8.41,3.13,0.3,10.45
TKC,Turkcell Iletisim Hizmetleri A.S.,5.26,39.22,-6.01,26.76,27.01,19.74,1.58,14.46
BKE,"The Buckle, Inc.",7.1,6.11,8.18,2.43,48.87,16.8,1.76,9.91
DOCU,"DocuSign, Inc.",8.42,8.72,0.57,1.11,79.4,34.09,3.44,37.83
ALGM,"Allegro MicroSystems, Inc.",24.22,27.45,43.04,5.59,47.2,9.34,7.49,490.17
ULTA,"Ulta Beauty, Inc.",11.3,11.08,10.24,6.58,39.33,8.25,1.93,18.89
RUN,Sunrun Inc.,63.23,52.81,59.96,44.13,34.54,-39.18,4.81,27.86
FSS,Federal Signal Corporation,23.97,18.7,14.88,3.57,29.17,13.86,3.22,26.1
HLIO,"Helios Technologies, Inc.",13.98,9.13,19.38,12.49,32.68,11.99,2.75,35.08
ACMR,"ACM Research, Inc.",27.31,36.01,9.77,29.64,43.84,-11.58,3.7,32.97
CMPR,Cimpress plc,9.8,8.68,6.42,4.25,46.29,4.47,0.98,22.58
MCO,Moody's Corporation,11.67,15.12,0.2,10.66,71.94,41.64,11.38,31.07
DRI,"Darden Restaurants, Inc.",9.39,13.67,3.36,3.03,69.43,8.47,2.34,20.81
GENI,Genius Sports Limited,41.51,64.68,15.75,40.29,27.4,-8.41,3.43,
CRWD,"CrowdStrike Holdings, Inc.",23.17,25.57,-2.78,5.77,75.03,28.51,38.02,
SRAD,Sportradar Group AG,17.0,20.86,-2.37,6.72,28.43,21.11,2.18,191.69
APH,Amphenol Corporation,54.17,55.0,13.66,-1.53,38.5,16.25,7.04,37.03
ATMU,Atmus Filtration Technologies Inc.,13.05,16.41,11.52,11.57,28.8,10.02,2.5,18.68
OPLN,"OPENLANE, Inc.",10.25,15.13,-1.7,6.59,42.53,16.74,1.94,18.09
BHE,"Benchmark Electronics, Inc.",8.87,17.69,14.82,21.23,10.23,4.48,0.92,49.66
CRI,Carter's Inc.,5.17,5.16,6.64,1.46,48.6,9.83,0.62,6.77
AAPL,Apple Inc.,14.24,16.36,8.27,6.73,48.65,29.28,10.03,36.14
STX,Seagate Technology Holdings plc,34.06,48.49,-4.81,18.97,45.58,27.27,15.87,60.09
OLLI,"Ollie's Bargain Outlet Holdings, Inc.",16.74,14.25,8.04,0.89,39.59,7.79,1.83,18.21
VCYT,"Veracyte, Inc.",17.28,15.49,-2.63,1.73,72.09,29.45,5.19,29.35
RBRK,"Rubrik, Inc.",45.73,38.99,1.83,-9.68,80.58,21.51,13.87,
NICE,NICE Ltd.,8.54,9.5,-2.85,0.12,65.11,19.68,1.83,13.88
ESTA,Establishment Labs Holdings Inc.,38.55,31.66,21.33,15.38,70.49,-17.11,9.36,
AXP,American Express Company,9.38,8.34,1.31,-0.01,84.35,17.9,2.84,19.72
FANG,"Diamondback Energy, Inc.",22.04,52.34,-29.5,4.71,44.46,37.99,4.19,37.56
ROKU,"Roku, Inc.",18.52,21.93,1.2,7.17,45.5,15.84,4.08,65.64
WMG,Warner Music Group Corp.,12.91,10.36,11.54,1.67,45.77,11.14,2.53,21.1
PODD,Insulet Corp.,29.41,23.51,3.42,-9.37,71.08,9.77,3.53,27.58
GTLB,GitLab Inc.,24.9,23.15,-4.41,-3.64,86.74,26.22,5.72,
MGNI,"Magnite, Inc.",8.32,11.24,2.79,4.83,64.78,28.59,4.6,19.96
LUNR,"Intuitive Machines, Inc.",116.52,309.77,73.04,288.27,27.26,-38.87,5.86,
AMCR,Amcor plc,56.61,25.9,46.58,-17.87,19.95,7.43,1.54,20.03
CCK,"Crown Holdings, Inc.",10.35,16.48,8.12,12.9,17.52,8.9,1.39,16.28
ECG,"Everus Construction Group, Inc.",30.53,33.65,8.67,2.64,13.02,5.87,1.54,25.12
MTRN,Materion Corporation,21.61,42.24,16.08,40.85,15.63,1.63,2.55,53.97
HAFN,Hafnia Limited,-8.59,22.51,11.69,52.7,20.65,18.32,2.0,8.61
GEN,Gen Digital Inc.,20.16,6.28,9.65,-23.97,78.01,30.48,4.78,15.81
IPGP,IPG Photonics Corporation,13.04,11.11,27.81,13.8,38.35,1.94,2.18,115.64
CLBT,Cellebrite DI Ltd.,17.76,15.77,-2.72,-2.58,82.96,27.14,4.7,48.3
AVPT,"AvePoint, Inc.",24.95,22.03,0.54,-8.83,73.45,21.59,5.09,38.8
GSK,GSK plc,4.97,5.3,4.38,4.0,72.73,21.02,2.77,15.94
VG,"Venture Global, Inc.",100.72,47.63,38.57,-132.24,47.83,-55.5,1.93,9.57
MOD,Modine Manufacturing Company,29.47,28.02,23.02,24.8,22.17,2.97,3.17,69.92
ESTC,Elastic N.V.,17.26,16.03,0.22,0.08,76.07,18.5,4.69,24.31
SPB,"Spectrum Brands Holdings, Inc.",0.82,7.68,3.61,17.91,39.8,10.15,0.86,25.02
RAMP,"LiveRamp Holdings, Inc.",8.85,9.84,-3.31,-0.88,70.82,24.08,2.34,14.7
ROST,"Ross Stores, Inc.",11.86,20.57,9.37,17.96,28.33,11.07,3.13,31.89
FOXA,Fox Corporation,5.07,28.14,-11.53,21.83,36.63,21.04,1.89,17.76
OUST,"Ouster, Inc.",62.82,55.86,36.45,26.0,49.6,-40.25,10.6,
VEEV,Veeva Systems Inc.,16.25,16.32,1.47,-0.39,74.95,49.52,10.17,43.49
VVX,"V2X, Inc.",12.99,16.54,7.92,15.96,8.47,2.66,0.68,26.94
ASAN,"Asana, Inc.",9.47,9.52,-0.37,0.93,88.51,13.93,2.6,
AMBQ,"Ambiq Micro, Inc.",31.88,89.68,,101.42,43.62,-39.17,10.42,
USAS,Americas Gold and Silver Corporation,83.22,77.51,86.49,96.44,37.69,-38.13,9.58,
KSPI,Joint Stock Company Kaspi.kz,37.28,13.94,-5.81,-49.59,70.5,15.9,2.11,8.68
INDV,Indivior Pharmaceuticals Inc,13.46,13.58,11.1,12.57,83.86,-8.33,3.81,13.49
V,Visa Inc.,14.39,14.36,3.0,0.07,80.18,47.23,15.66,30.39
CVNA,Carvana Co.,53.98,52.4,14.5,10.46,19.37,3.71,3.16,48.94
NTES,"NetEase, Inc.",6.63,6.11,4.74,-1.25,65.69,43.97,3.12,15.13
WDAY,"Workday, Inc.",13.32,13.48,-1.63,0.92,75.77,30.16,5.2,61.11
BALL,Ball Corporation,15.65,20.36,10.91,8.84,16.45,5.78,1.63,17.56
TKO,"TKO Group Holdings, Inc.",11.38,18.24,-25.46,8.58,54.08,31.54,3.39,63.44
UAN,"CVR Partners, LP",17.47,19.95,9.33,-6.88,29.78,21.36,2.57,8.18
PLXS,Plexus Corp.,14.2,28.13,11.89,22.14,10.04,1.35,1.41,34.93
BELFB,Bel Fuse Inc.,25.26,25.18,19.18,-1.16,39.52,9.86,3.86,52.1
WAB,Westinghouse Air Brake Technologies Corporation,13.43,17.48,10.05,15.13,34.33,15.46,4.66,39.1
TALO,Talos Energy Inc.,2.44,56.53,-8.15,79.19,30.8,16.71,1.84,
TPB,"Turning Point Brands, Inc.",24.49,22.57,15.59,-2.54,59.16,3.87,3.43,38.15
ALRM,"Alarm.com Holdings, Inc.",8.72,9.21,0.91,0.44,63.42,22.35,2.74,23.88
NLST,"Netlist, Inc.",129.21,163.38,111.02,150.16,16.24,-4.68,5.24,2243.24
LIVN,LivaNova PLC,12.39,10.8,4.15,0.14,68.18,10.08,2.82,22.86
GILD,"Gilead Sciences, Inc.",5.52,10.2,1.71,8.36,79.59,43.34,6.69,
INTU,Intuit Inc.,15.07,10.37,0.08,-4.73,81.03,36.87,4.76,21.69
RELY,"Remitly Global, Inc.",23.79,20.23,-11.33,-14.18,60.01,24.1,2.57,17.36
JBLU,JetBlue Airways Corporation,3.99,14.47,5.89,17.44,46.8,-11.88,0.96,
GTM,ZoomInfo Technologies Inc.,2.66,1.21,3.2,-4.01,83.93,35.65,1.98,
WIT,Wipro Limited,6.56,11.25,6.15,10.47,29.04,13.94,1.72,13.78
AADX,"Applied Aerospace & Defense, Inc.",39.3,47.42,,39.69,23.12,,4.46,
APPF,AppFolio Inc.,20.66,19.34,1.19,-0.02,63.04,25.85,7.31,49.49
DSGX,The Descartes Systems Group Inc.,12.75,15.71,-0.98,4.22,72.32,37.51,8.22,37.32
VRNS,"Varonis Systems, Inc.",15.61,18.31,1.33,1.57,77.07,17.72,6.64,
NSIT,"Insight Enterprises, Inc.",2.68,14.73,10.29,17.97,22.1,4.93,0.69,21.46
PGY,Pagaya Technologies Ltd.,17.79,15.08,-8.45,-15.88,40.64,18.99,0.96,13.01
PNTG,"The Pennant Group, Inc.",37.9,35.76,7.32,5.68,14.79,2.36,1.67,42.17
ELAN,Elanco Animal Health Incorporated,11.95,10.23,12.13,5.42,52.59,7.55,3.02,
GOLF,Acushnet Holdings Corp.,8.77,13.81,4.94,8.45,49.03,6.79,2.28,23.68
DXCM,"DexCom, Inc.",15.54,13.08,6.24,-2.14,62.47,28.27,6.76,34.14
MDT,Medtronic plc,8.43,9.86,4.81,5.92,65.02,14.92,3.79,24.81
TEL,TE Connectivity plc,15.49,13.81,10.62,-0.14,35.43,19.0,3.29,19.44
TRU,TransUnion,12.37,14.9,3.03,5.39,55.76,16.09,4.3,19.16
ALLE,Allegion plc,10.63,12.67,5.13,6.83,44.8,15.9,3.61,20.94
PCOR,"Procore Technologies, Inc.",15.41,15.83,-0.67,1.92,79.79,20.65,6.26,
LKNCY,Luckin Coffee Inc.,36.36,29.42,-4.71,-15.76,53.49,6.16,1.39,20.63
MEDP,"Medpace Holdings, Inc.",24.67,17.24,14.73,3.0,28.76,26.36,6.09,35.27
ALGN,"Align Technology, Inc.",4.41,4.32,3.85,5.88,66.48,18.26,2.5,27.44
CARG,"CarGurus, Inc.",6.01,7.24,1.21,0.22,91.06,31.76,3.73,20.3
ABBV,AbbVie Inc.,10.39,10.16,4.34,3.52,71.48,30.57,8.27,74.16
MSCI,MSCI Inc.,11.62,12.21,1.14,3.06,82.97,47.93,14.25,30.43
ALSN,"Allison Transmission Holdings, Inc.",15.5,5.65,12.8,5.9,39.53,19.78,3.89,20.13
AERO,"Grupo Aeroméxico, S.A.B. de C.V.",4.63,11.19,4.79,14.59,23.48,10.12,0.88,9.18
MPWR,"Monolithic Power Systems, Inc.",28.67,47.56,-5.63,16.59,55.2,17.89,19.4,81.25
IESC,"IES Holdings, Inc.",22.66,39.6,4.82,23.76,25.9,5.73,3.33,29.75
OMCL,"Omnicell, Inc.",8.45,7.45,2.06,2.47,44.77,11.34,1.22,41.77
EPD,Enterprise Products Partners L.P.,6.78,60.78,6.98,76.5,13.25,5.92,1.99,13.1
AME,"AMETEK, Inc.",12.66,14.98,10.38,12.49,36.58,23.21,7.22,34.85
NYT,The New York Times Company,10.76,11.17,2.94,1.44,51.69,20.92,3.35,27.05
PII,Polaris Inc.,8.43,9.18,25.06,14.71,21.0,0.9,0.71,
WRD,WeRide Inc.,101.19,82.2,90.04,21.46,32.75,0.0,9.21,
STM,STMicroelectronics N.V.,9.97,24.43,32.78,37.72,34.29,1.65,3.27,96.31
BC,Brunswick Corporation,10.46,7.66,22.03,7.44,25.35,6.09,1.28,
ATEN,"A10 Networks, Inc.",12.2,15.5,1.16,0.05,79.54,19.65,5.5,42.92
FLNG,FLEX LNG Ltd,1.3,24.21,4.28,22.69,51.67,42.32,8.72,17.0
UUUU,Energy Fuels Inc.,62.51,496.11,19.78,547.8,43.23,-105.01,30.75,
ZBRA,Zebra Technologies Corporation,12.66,20.42,-6.46,14.17,48.9,15.46,3.44,32.15
SEZL,Sezzle Inc.,43.06,51.65,-49.89,-24.7,90.8,61.38,7.38,24.1
ECPG,"Encore Capital Group, Inc.",29.38,11.25,13.88,-13.19,63.99,6.85,3.19,6.86
PWR,"Quanta Services, Inc.",25.81,41.1,7.55,20.04,14.42,7.3,3.24,74.77
ZTO,ZTO Express (Cayman) Inc.,16.38,22.63,1.68,12.32,25.1,7.89,1.94,11.08
IONQ,"IonQ, Inc.",370.64,286.83,302.81,205.0,36.29,-196.32,54.56,
DT,"Dynatrace, Inc.",17.94,16.17,-0.76,-3.4,81.37,27.11,6.45,95.58
ESAB,ESAB Corporation,9.65,12.86,10.72,11.66,35.69,6.55,2.32,27.55
YELP,Yelp Inc.,1.5,1.38,-3.87,-2.36,88.54,20.15,0.91,10.31
MDLN,Medline Inc.,14.7,11.6,,,25.02,6.77,1.26,40.35
COKE,"Coca-Cola Consolidated, Inc.",10.71,10.61,7.49,7.29,38.76,8.38,2.25,27.06
TAK,Takeda Pharmaceutical Company Limited,4.02,10.23,2.5,18.62,59.01,12.02,2.92,50.56
RRC,Range Resources Corporation,19.05,19.14,-0.44,-18.09,47.89,35.46,3.16,10.99
ANDG,Andersen,17.95,23.68,4.25,12.75,34.66,18.38,6.3,164.75
ARCO,Arcos Dorados Holdings Inc.,10.77,14.3,10.68,11.47,12.31,1.92,0.72,6.4
CDNS,"Cadence Design Systems, Inc.",14.7,24.23,-7.59,3.98,88.5,28.76,15.01,62.82
NPO,"EnPro Industries, Inc.",13.25,17.6,8.26,11.64,42.78,13.35,5.86,151.02
BRC,Brady Corporation,11.11,13.76,2.49,2.34,51.11,11.18,2.59,20.48
WLY,"John Wiley & Sons, Inc.",-0.06,1.21,10.37,6.74,74.26,10.54,2.06,12.45
RDW,Redwire Corp,63.1,89.56,73.6,110.5,20.1,-24.12,5.33,
HE,"Hawaiian Electric Industries, Inc.",12.58,25.9,17.01,32.06,11.48,-17.23,1.41,9.01
QLYS,"Qualys, Inc.",10.51,11.04,0.89,0.72,83.45,44.6,8.7,31.45
XMTR,"Xometry, Inc.",33.75,41.05,13.56,18.47,38.75,-1.73,5.31,
CECO,CECO Environmental Corp.,38.98,53.71,23.25,18.9,32.66,-1.25,5.45,
MA,Mastercard Incorporated,16.01,14.07,1.42,-2.77,82.74,46.88,14.82,31.17
RLX,RLX Technology Inc.,53.35,15.13,-2.02,-27.03,34.71,15.86,1.37,15.18
RVLV,"Revolve Group, Inc.",10.8,12.44,0.12,3.05,54.32,1.94,1.11,23.97
SHOP,Shopify Inc.,32.5,33.69,3.52,2.64,47.77,17.73,14.04,99.1
GH,"Guardant Health, Inc.",42.74,44.33,14.0,13.38,65.01,-20.35,19.8,
WWD,"Woodward, Inc.",22.35,21.22,16.82,13.23,29.47,8.98,5.13,37.37
IMOS,ChipMOS TECHNOLOGIES Inc.,19.26,28.72,18.37,29.99,14.72,-1.36,2.36,26.97
OMDA,Omada Health,47.63,43.12,-0.37,-5.79,68.19,7.35,3.96,336.21
LOW,"Lowe's Companies, Inc.",8.16,8.34,8.64,6.75,34.08,7.74,1.39,18.41
COTY,Coty Inc.,-1.46,1.34,2.21,9.48,62.89,6.0,0.42,
ADDYY,adidas AG,6.02,13.29,-4.92,11.06,51.58,6.79,1.19,19.18
NTAP,"NetApp, Inc.",5.37,12.47,0.5,8.57,70.74,26.99,5.43,30.11
ILMN,"Illumina, Inc.",4.93,9.65,8.25,14.6,66.79,20.9,7.57,39.55
AAL,American Airlines Group Inc.,7.53,16.28,6.03,15.88,21.02,0.49,0.63,
MORN,"Morningstar, Inc.",9.33,9.6,1.1,3.8,62.24,19.38,3.69,19.18
UPWK,Upwork Inc.,1.86,-1.68,-2.06,-2.62,77.21,25.31,1.04,10.42
HWM,Howmet Aerospace Inc.,18.08,24.06,9.23,14.86,34.44,17.22,12.65,59.54
FMX,"Fomento Económico Mexicano, S.A.B. de C.V.",-78.74,16.54,-9.5,110.83,40.5,7.26,-1.27,23.34
VIV,Telefônica Brasil S.A.,7.05,7.59,0.03,0.53,52.04,17.58,1.7,14.17
TIMB,TIM S.A.,5.22,5.54,-0.1,0.82,54.57,33.37,2.03,10.09
PRVA,"Privia Health Group, Inc.",24.1,21.39,12.05,-2.01,7.61,-2.05,-169.96,95.36
ETN,Eaton Corporation plc,15.53,21.39,7.86,10.71,35.9,15.0,6.09,42.38
ZBH,"Zimmer Biomet Holdings, Inc.",8.62,4.8,4.51,-2.17,69.87,21.51,3.11,24.09
THRM,Gentherm Incorporated,8.41,10.95,9.19,11.11,23.43,2.6,0.86,46.84
FN,Fabrinet,35.73,44.64,17.13,23.87,11.99,0.09,3.23,33.52
AEO,"American Eagle Outfitters, Inc.",6.22,9.7,7.17,14.44,34.76,0.27,0.8,9.61
WWW,"Wolverine World Wide, Inc.",7.16,6.79,9.99,-4.73,46.99,8.97,1.16,15.5
EADSY,Airbus SE,10.39,29.85,5.28,29.4,15.67,6.17,2.11,27.04
LSEGY,London Stock Exchange Group plc,12.72,14.23,-32.46,-3.28,64.19,34.13,2.8,18.03
AEIS,"Advanced Energy Industries, Inc.",24.58,30.03,16.09,9.04,39.74,4.25,5.79,53.9
TTD,"The Trade Desk, Inc.",11.61,3.03,-11.57,-15.7,83.04,28.77,1.73,15.29
KARO,Karooooo Ltd.,21.07,22.47,10.06,4.43,67.98,1.03,5.41,30.47
QNST,"QuinStreet, Inc.",18.29,42.67,-59.98,10.54,11.27,9.86,0.88,14.7
FDX,FedEx Corporation,7.73,12.54,7.46,12.04,22.9,5.4,1.14,17.6
ROK,"Rockwell Automation, Inc.",11.28,7.88,19.56,3.35,54.53,16.76,5.73,40.23
GMED,"Globus Medical, Inc.",19.74,5.94,2.3,-12.43,68.55,23.87,3.57,21.87
TAC,TransAlta Corporation,-9.57,12.47,11.34,38.07,43.61,19.99,4.02,
PRLB,"Proto Labs, Inc.",10.2,10.57,10.33,3.06,45.42,11.06,3.09,61.39
KNX,Knight-Swift Transportation Holdings Inc.,4.07,12.56,6.61,11.73,24.75,14.71,1.79,264.06
NRP,Natural Resource Partners L.P.,-11.79,2.7,9.13,20.87,81.55,82.54,7.2,13.36
TRI,Thomson Reuters Corporation,7.02,9.47,2.99,6.88,66.46,28.29,6.25,27.9
HTHT,H World Group Limited,8.94,10.5,4.7,5.98,40.96,29.88,4.54,20.26
CORT,Corcept Therapeutics Incorporated,16.02,31.74,-9.69,13.04,98.3,12.87,15.45,239.31
CCC,CCC Intelligent Solutions Holdings Inc.,11.56,9.78,1.95,-2.18,73.49,27.65,5.09,104.35
MTZ,"MasTec, Inc.",23.46,23.38,16.38,3.67,11.47,1.52,1.51,42.63
STRK,Strategy Inc,7.79,6.88,11.6,4.15,67.6,2275.56,50.24,
LCID,"Lucid Group, Inc.",66.54,56.24,27.53,26.9,-96.56,-424.07,2.86,
FE,FirstEnergy Corp.,12.63,8.82,6.19,5.77,53.43,9.97,3.56,25.26
HUBB,Hubbell Incorporated,10.61,15.33,9.66,13.14,35.2,14.48,4.81,27.64
MSFT,Microsoft Corporation,17.79,17.75,2.86,-0.35,67.94,20.19,10.96,26.8
STRF,MicroStrategy Incorporated 10.00% Series A Perpetual Strife Preferred Stock,7.79,6.88,11.6,4.15,67.6,2275.56,66.98,
ENB,Enbridge Inc.,43.32,97.08,-4.85,65.85,27.87,1.73,2.85,22.7
KMI,"Kinder Morgan, Inc.",12.67,10.76,8.57,-1.61,54.89,21.53,5.66,20.06
WCC,"WESCO International, Inc.",12.51,12.98,11.21,5.31,21.4,0.62,0.89,23.2
CWEN,"Clearway Energy, Inc.",9.92,22.7,-4.74,15.6,52.99,42.63,10.4,74.02
BTU,Peabody Energy Corporation,-0.68,12.71,6.27,27.28,2.18,11.28,0.79,
MSTR,Strategy Inc,7.79,6.88,11.6,4.15,67.6,2275.56,83.69,
STRC,Strategy Inc,7.79,6.88,11.6,4.15,67.6,2275.56,74.91,
OXY,Occidental Petroleum Corporation,-7.14,31.82,-5.09,39.94,43.35,21.08,2.84,8.43
PEN,"Penumbra, Inc.",17.55,14.9,4.63,1.53,67.84,14.35,8.21,79.74
PVH,PVH Corp.,3.54,2.09,7.17,0.47,57.53,6.12,0.79,22.23
AXTI,"AXT, Inc.",45.81,164.77,48.44,200.4,32.18,-15.59,26.61,905.62
PAYC,"Paycom Software, Inc.",9.22,9.84,-0.99,-0.69,80.11,35.25,5.13,20.91
RNG,"RingCentral, Inc.",5.22,5.9,-1.25,1.26,71.8,25.98,2.68,51.58
QTWO,"Q2 Holdings, Inc.",13.9,12.61,0.55,-0.26,56.99,23.93,4.67,43.65
WDC,Western Digital Corporation,13.36,43.84,-6.12,13.85,48.85,24.93,12.49,17.17
AVAH,Aveanna Healthcare Holdings Inc.,19.52,13.73,7.99,-3.03,31.95,6.37,1.65,10.47
RDWR,Radware Ltd.,9.98,10.87,-1.52,0.55,80.81,10.57,2.93,68.67
MSI,"Motorola Solutions, Inc.",10.29,13.31,3.85,8.1,49.97,21.88,7.29,37.6
HII,"Huntington Ingalls Industries, Inc.",13.97,10.9,15.72,7.37,12.56,2.85,1.12,17.97
KRMN,Karman Holdings Inc.,50.23,58.18,,22.84,41.67,-4.69,13.28,188.47
TBBB,BBB Foods Inc.,35.18,39.39,0.53,1.11,16.37,3.57,1.18,
BZ,Kanzhun Limited,10.9,6.92,-7.87,-5.97,85.47,55.43,3.35,14.36
E,Eni S.p.A.,1.78,20.79,12.51,34.36,9.97,4.57,1.12,13.35
FFIV,"F5, Inc.",9.41,10.85,0.47,-1.35,82.21,29.3,6.08,29.55
SSNC,"SS&C Technologies Holdings, Inc.",8.57,10.34,1.82,4.46,48.1,26.86,4.07,22.41
FCN,"FTI Consulting, Inc.",7.12,5.28,8.01,5.86,31.77,10.59,1.37,16.87
TENB,"Tenable Holdings, Inc.",9.93,8.58,-1.48,-3.2,78.05,25.72,3.76,563.79
ABT,Abbott Laboratories,8.06,13.02,2.21,5.65,56.8,18.72,4.83,36.48
LB,LandBridge Company LLC,44.09,40.62,-11.98,-42.53,92.4,75.42,32.76,148.74
BKNG,Booking Holdings Inc.,12.85,8.15,1.13,-7.88,100.0,33.78,5.93,22.74
ISRG,"Intuitive Surgical, Inc.",20.66,18.54,-0.11,-2.86,66.68,29.21,11.85,43.33
HTFL,"Heartflow, Inc. Common Stock",42.77,47.57,,7.74,80.08,-27.91,18.76,
PTON,"Peloton Interactive, Inc.",-1.8,0.13,5.96,5.83,52.61,16.13,1.61,36.14
EC,Ecopetrol S.A.,-5.04,25.21,-2.48,34.28,35.76,11.35,1.66,9.01
UI,Ubiquiti Inc.,33.34,18.67,11.91,-16.05,46.02,24.22,11.12,36.86
IOT,Samsara Inc.,29.6,30.52,-2.12,-0.17,76.25,13.58,12.68,394.42
DUOL,"Duolingo, Inc.",29.36,18.31,-10.15,-23.15,72.34,35.39,4.91,16.67
EXPO,"Exponent, Inc.",12.84,20.89,6.19,19.87,24.6,17.16,5.37,30.29
EXTR,"Extreme Networks, Inc.",12.59,10.28,10.54,-9.34,61.48,4.75,2.29,70.34
PLPC,Preformed Line Products Company,17.07,25.4,9.12,3.14,31.44,4.65,2.72,47.31
ALC,Alcon Inc.,7.81,8.74,3.78,4.74,56.45,15.57,3.68,56.24
LVS,Las Vegas Sands Corp.,18.11,-0.66,16.5,-15.66,50.89,20.32,3.03,16.91
LYB,LyondellBasell Industries N.V.,-6.71,19.84,4.21,31.59,13.16,11.08,1.08,
SVV,"Savers Value Village, Inc.",10.03,7.43,5.56,-0.47,56.03,4.69,1.72,66.43
OKTA,"Okta, Inc.",11.75,11.19,-1.76,-0.32,77.44,30.07,6.74,90.6
ZM,"Zoom Communications, Inc.",4.98,5.47,2.01,2.54,77.4,39.75,4.78,15.08
KC,Kingsoft Cloud Holdings Limited,30.46,30.4,10.19,6.22,15.05,0.1,2.24,
SN,"SharkNinja, Inc.",17.49,22.19,-5.99,6.47,48.74,11.61,3.72,36.74
AVY,Avery Dennison Corporation,5.84,10.92,4.18,11.58,28.98,11.5,1.89,19.85
GDDY,GoDaddy Inc.,7.41,6.6,-0.52,-1.68,63.8,33.36,3.08,14.3
CSX,CSX Corporation,2.52,10.1,5.8,13.53,54.88,34.6,7.78,29.47
VTRS,Viatris Inc.,4.4,4.88,11.78,10.53,34.83,12.71,2.09,
ULCC,"Frontier Group Holdings, Inc.",9.95,37.67,5.36,42.2,-5.25,-3.03,1.35,
TRP,TC Energy Corporation,25.01,6.67,39.67,-5.86,51.47,22.72,9.49,25.1
TMUS,"T-Mobile US, Inc.",9.68,7.85,3.42,0.97,54.46,16.65,3.33,18.34
GEV,GE Vernova Inc.,12.96,21.87,4.48,10.82,20.21,30.07,5.85,26.37
SPOT,Spotify Technology S.A.,13.14,30.23,-1.66,20.09,32.82,18.06,5.34,32.34
HEI,HEICO Corporation,18.8,25.31,1.06,10.41,40.06,18.85,10.54,62.58
BIRK,Birkenstock Holding plc,12.89,15.18,-4.71,2.73,54.78,12.41,2.95,16.31
ELPC,Companhia Paranaense de Energia,17.13,11.13,8.66,-2.48,27.09,3.91,1.09,3.24
AMAT,"Applied Materials, Inc.",7.77,24.83,1.22,17.1,49.4,20.25,12.62,42.29
PYPL,"PayPal Holdings, Inc.",5.69,4.75,1.61,-0.36,45.75,19.3,1.63,10.77
URBN,"Urban Outfitters, Inc.",11.23,11.42,2.85,0.7,35.98,4.44,1.11,13.18
PM,Philip Morris International Inc.,8.93,10.37,1.77,3.28,67.51,29.9,8.11,27.76
SPGI,S&P Global Inc.,9.67,10.41,-1.04,4.61,70.9,34.57,8.57,25.72
CAH,"Cardinal Health, Inc.",14.23,6.15,16.03,5.39,3.84,1.78,0.23,31.56
IDXX,"IDEXX Laboratories, Inc.",12.77,9.66,6.08,-0.89,62.45,27.47,9.78,38.3
NAVN,"Navan, Inc.",33.43,39.86,-0.21,9.67,72.12,0.96,8.12,
FLY,Firefly Aerospace Inc.,184.76,656.85,,,19.27,-113.76,11.19,
ASO,"Academy Sports and Outdoors, Inc.",3.77,6.7,7.34,7.64,34.6,3.85,0.73,7.44
PRGS,Progress Software Corporation,15.5,6.79,-6.6,-28.78,79.24,30.41,3.0,20.05
BURL,"Burlington Stores, Inc.",10.6,14.08,2.3,8.04,43.98,3.66,2.19,33.7
CRC,California Resources Corp,9.95,57.98,-48.41,-3.32,46.42,9.84,1.51,
ON,ON Semiconductor Corporation,-3.14,9.18,14.79,24.54,37.45,28.6,4.83,46.49
TTMI,"TTM Technologies, Inc.",27.59,37.42,13.35,16.69,20.71,-0.45,3.67,49.88
DOX,Amdocs Limited,0.14,2.66,6.9,11.11,37.81,13.73,1.59,14.33
WINA,Winmark Corporation,3.76,7.59,2.79,6.12,96.66,49.95,14.76,30.47
BMY,Bristol-Myers Squibb Company,3.11,5.74,0.54,5.18,70.16,23.26,3.41,14.62
EME,"EMCOR Group, Inc.",18.94,19.76,5.17,2.37,19.66,6.3,1.82,24.15
DOCN,"DigitalOcean Holdings, Inc.",21.41,28.57,8.12,14.95,57.22,1.47,13.84,56.36
CVSA,Covista Inc.,9.27,9.69,-3.58,-1.83,57.34,20.1,2.51,17.54
MRVL,"Marvell Technology, Inc.",34.07,27.57,12.48,-35.69,50.64,19.09,24.65,84.49
PEP,"PepsiCo, Inc.",5.62,6.4,5.95,5.4,53.96,9.58,2.45,18.62
PENG,"Penguin Solutions, Inc.",11.97,47.64,-2.11,39.76,27.9,-4.42,1.75,26.61
TSM,Taiwan Semiconductor Manufacturing Company Limited,30.85,36.05,-8.64,-2.6,64.23,26.78,14.88,30.67
PHIN,PHINIA Inc.,7.65,5.62,11.96,3.08,21.83,8.41,0.92,19.44
HLX,"Helix Energy Solutions Group, Inc.",1.97,0.57,10.16,17.71,13.94,18.09,1.14,38.51
FLEX,Flex Ltd.,12.25,20.58,4.38,16.44,9.49,3.65,1.5,42.05
AFRM,"Affirm Holdings, Inc.",32.07,32.64,-10.48,-3.28,67.71,19.82,7.81,65.6
ASH,Ashland Inc.,-1.39,7.34,9.99,22.23,29.35,17.53,2.38,64.53
SDRL,Seadrill Limited,12.25,19.1,23.69,14.38,25.05,-17.09,2.23,2985.83
LOGI,Logitech International S.A.,6.63,6.93,2.05,1.46,45.08,20.66,2.44,17.13
KNTK,Kinetik Holdings Inc.,14.15,36.25,-5.57,17.53,40.07,10.3,4.23,8.42
APLD,Applied Digital Corp.,167.37,580.68,109.62,422.86,22.38,-481.8,20.08,
AXGN,"AxoGen, Inc.",23.57,23.06,6.4,4.8,74.56,1.01,9.43,
JCAP,"Jefferson Capital, Inc. Common Stock",22.8,16.26,-113.7,-30.85,78.48,33.93,4.19,8.89
CVE,Cenovus Energy Inc.,-4.77,34.73,-2.56,50.93,21.38,14.03,1.69,12.43
A,"Agilent Technologies, Inc.",9.11,10.01,8.55,3.97,53.0,17.37,6.39,31.59
LYV,"Live Nation Entertainment, Inc.",10.75,9.42,11.15,-6.9,44.82,5.23,1.7,316.09
MSM,"MSC Industrial Direct Co., Inc.",4.41,7.82,8.52,8.66,40.82,5.63,1.8,28.42
KTB,"Kontoor Brands, Inc.",15.81,-11.24,12.37,-19.7,49.71,13.79,1.81,16.22
KWR,Quaker Houghton,7.79,10.17,10.87,5.89,34.41,4.57,1.83,29.34
FLO,"Flowers Foods, Inc.",3.8,1.12,4.82,2.55,47.99,5.81,0.69,21.48
LRCX,Lam Research Corporation,26.02,29.99,2.34,-3.59,50.47,21.05,16.53,53.04
JBHT,"J.B. Hunt Transport Services, Inc.",5.28,19.37,7.52,19.38,16.26,8.66,2.12,38.27
LECO,"Lincoln Electric Holdings, Inc.",9.25,12.07,9.13,5.5,36.02,11.54,3.6,27.46
HLMN,Hillman Solutions Corp.,6.47,9.79,4.54,3.63,45.81,3.81,1.49,39.53
DE,Deere & Company,9.87,7.0,30.75,15.29,35.74,7.9,3.72,35.02
ONTO,Onto Innovation Inc.,8.08,35.3,-7.42,30.65,50.36,22.54,12.81,111.31
MOG-A,Moog Inc.,15.58,14.95,10.75,7.58,27.93,5.65,3.06,32.14
ROG,Rogers Corporation,3.95,6.9,11.55,12.23,31.82,13.65,2.51,72.32
YUMC,"Yum China Holdings, Inc.",8.78,12.59,5.25,8.56,17.23,7.6,1.43,17.36
LEVI,Levi Strauss & Co.,4.49,8.02,-1.13,1.6,61.72,8.7,1.46,13.04
HRI,Herc Holdings Inc.,28.5,20.16,17.09,2.0,28.93,1.92,3.06,110.61
KFY,Korn Ferry,6.43,6.73,7.66,3.88,25.61,11.04,1.28,15.49
RES,"RPC, Inc.",25.36,9.52,28.1,-6.04,9.45,2.18,0.7,60.72
TSEM,Tower Semiconductor Ltd.,14.9,23.66,7.72,17.71,26.87,17.82,13.9,86.69
CL,Colgate-Palmolive Company,5.24,4.91,5.19,3.88,60.42,18.33,3.74,35.44
AMBP,Ardagh Metal Packaging S.A.,14.53,17.73,6.14,2.16,10.95,4.96,1.21,76.1
PBT,Permian Basin Royalty Trust,-3.91,34.44,39.71,99.27,100.0,0.0,88.81,97.12
NVCR,Novocure Ltd,10.95,15.6,-3.63,9.98,76.13,-3.02,2.64,
JBL,Jabil Inc.,17.8,11.79,23.93,-3.92,9.23,4.48,1.06,38.46
FAST,Fastenal Company,12.54,14.74,7.7,6.17,44.7,11.8,6.71,43.22
GTX,Garrett Motion Inc.,8.47,6.9,15.18,4.32,19.47,9.72,1.65,13.81
IOSP,Innospec Inc.,2.87,11.76,8.32,10.68,27.46,3.52,1.14,18.91
HRB,"H&R Block, Inc.",4.9,3.05,0.73,-1.51,60.36,19.16,2.01,9.27
PEGA,Pegasystems Inc.,3.6,9.42,-8.87,-0.08,75.57,28.94,3.02,17.08
FIVN,"Five9, Inc.",8.87,10.3,-5.34,-2.07,54.7,16.54,2.19,41.89
CTS,CTS Corporation,8.4,6.62,7.24,2.43,39.33,16.18,2.93,23.59
KO,The Coca-Cola Company,6.52,6.74,5.23,5.35,61.89,28.52,8.42,27.57
THC,Tenet Healthcare Corporation,5.43,6.77,6.52,3.48,26.87,13.86,1.52,9.82
ONON,On Holding AG,18.95,13.49,-16.72,-18.48,64.82,13.12,2.26,20.08
GSL,"Global Ship Lease, Inc.",5.98,1.98,2.17,-6.7,51.84,37.58,2.26,4.11
TRMD,TORM plc,-2.44,20.28,5.82,46.17,40.81,5.64,2.9,9.3
AGX,"Argan, Inc.",14.47,50.24,-30.61,27.42,20.92,46.73,5.86,43.9
IMBBY,Imperial Brands PLC,6.41,6.99,-0.64,-3.16,35.58,14.95,0.8,4.57
CRAI,"CRA International, Inc.",11.46,12.81,2.19,3.81,45.52,-3.49,1.65,23.02
EFX,Equifax Inc.,10.35,10.61,3.49,3.17,44.38,17.15,4.37,33.1
RCI,Rogers Communications Inc.,8.74,7.7,6.87,5.28,38.98,11.92,3.12,4.32
BWXT,"BWX Technologies, Inc.",22.7,18.01,12.57,5.89,22.05,9.01,4.46,40.17
MHK,"Mohawk Industries, Inc.",4.62,6.76,6.23,6.73,24.65,7.26,0.86,17.58
TREX,"Trex Company, Inc.",6.97,7.79,16.62,4.78,38.2,16.95,4.28,27.55
MAN,ManpowerGroup Inc.,6.72,7.54,10.51,7.57,16.28,0.31,0.22,27.1
TME,Tencent Music Entertainment Group,8.98,5.82,-1.54,-12.09,56.76,26.92,2.37,10.69
KNF,Knife River Corporation,12.13,12.57,9.49,9.25,17.88,1.3,1.63,26.87
TTAM,Titan America S.A.,5.46,9.64,,10.52,25.47,9.03,1.91,15.56
ALG,Alamo Group Inc.,4.07,7.55,8.98,6.89,24.21,8.14,1.23,19.53
AMZN,"Amazon.com, Inc.",15.77,19.62,4.89,6.29,50.77,-1.5,3.76,20.83
STRD,Strategy Inc,7.79,6.88,,4.15,67.6,2275.55,55.36,
CORZ,"Core Scientific, Inc.",26.37,108.83,65.8,153.11,28.26,-219.81,19.05,
EXLS,"ExlService Holdings, Inc.",13.63,15.61,-1.52,0.87,38.51,12.29,2.63,22.75
CVLT,"Commvault Systems, Inc.",15.47,11.4,-6.14,-14.1,80.88,21.26,4.55,81.23
JOYY,"JOYY, Inc. Sponsored ADR Class A",0.83,12.41,4.44,24.85,35.38,0.0,1.27,16.84
MRK,"Merck & Co., Inc.",4.24,5.11,2.28,7.04,75.38,24.19,6.34,117.96
RMD,ResMed Inc.,9.85,8.58,0.01,-1.62,61.16,51.11,5.8,21.94
RPM,RPM International Inc.,6.66,7.2,6.15,3.52,41.44,8.59,2.12,21.35
INGM,Ingram Micro Holding Corporation,11.54,13.58,6.61,2.73,6.65,-0.41,0.17,14.51
PTC,PTC Inc.,19.5,-6.82,8.07,-30.97,84.09,31.67,6.43,14.5
BLKB,"Blackbaud, Inc.",0.64,3.04,0.5,4.87,59.62,24.26,2.83,14.13
STRA,"Strategic Education, Inc.",3.53,4.91,-0.78,1.96,49.06,14.1,1.44,13.94
HPQ,HP Inc.,5.74,8.99,3.29,5.71,20.21,6.58,0.58,10.77
GATX,GATX Corporation,22.81,34.75,11.06,23.42,46.17,-228.44,8.74,16.86
TTEK,"Tetra Tech, Inc.",10.24,13.49,1.65,9.58,18.78,10.81,2.04,21.88
LSTR,"Landstar System, Inc.",3.77,17.87,5.84,18.97,15.4,3.52,1.21,47.52
CHEF,"The Chefs' Warehouse, Inc.",11.16,12.92,3.26,4.52,24.46,2.86,1.19,48.12
LBTYK,Liberty Global plc,132.86,-7.65,197.46,-27.62,61.79,-5.22,2.08,
NSC,Norfolk Southern Corporation,2.97,11.41,2.26,9.25,53.69,30.58,7.52,29.88
DTM,"DT Midstream, Inc.",18.12,11.0,2.84,-15.64,63.21,36.64,12.51,28.17
AGCO,AGCO Corporation,1.74,-0.96,26.01,17.88,25.01,3.19,0.66,13.65
WYNN,"Wynn Resorts, Limited",6.36,6.86,8.3,6.57,38.56,10.69,2.76,22.74
BUD,Anheuser-Busch InBev SA/NV,2.87,6.85,-7.42,0.24,56.18,20.73,1.78,9.59
GTES,Gates Industrial Corporation plc,3.34,6.55,6.0,6.76,40.49,11.36,2.33,18.23
BFLY,"Butterfly Network, Inc.",28.14,39.47,5.01,30.64,52.64,-25.01,21.28,
ALAB,"Astera Labs, Inc. Common Stock",98.48,104.45,-65.31,-45.28,75.13,23.02,40.11,133.85
EYE,"National Vision Holdings, Inc.",7.84,2.55,7.54,-5.13,55.22,2.41,1.05,29.13
VRSN,"VeriSign, Inc.",6.86,6.03,2.28,0.14,88.47,62.42,15.46,29.53
IRTC,"iRhythm Technologies, Inc.",25.58,20.08,3.21,-6.02,71.45,4.72,5.24,
ALNT,Allient Inc.,10.62,10.17,19.31,7.56,32.24,4.78,3.15,57.97
CSTL,"Castle Biosciences, Inc.",3.18,20.14,-17.22,21.08,77.26,-0.14,2.21,
D,"Dominion Energy, Inc.",20.33,19.63,15.04,10.34,49.27,-37.25,6.14,23.28
KVUE,Kenvue Inc.,1.76,3.02,3.92,7.05,58.19,13.74,2.85,22.04
CACI,CACI International Inc,10.89,17.57,-1.74,4.53,21.65,13.35,2.03,26.67
MSA,MSA Safety Incorporated,6.48,6.16,5.93,3.64,47.57,18.2,3.99,23.34
KN,Knowles Corporation,12.77,14.32,3.6,6.41,42.28,10.0,4.74,43.07
TDOC,"Teladoc Health, Inc.",-2.08,-3.95,0.49,-2.31,73.53,9.02,0.58,
AZTA,"Azenta, Inc.",4.85,11.97,6.42,12.22,44.05,1.61,2.34,
BF-B,Brown-Forman Corporation,-1.18,2.01,3.68,9.27,60.54,22.73,3.84,18.5
SHAK,Shake Shack Inc.,17.33,17.16,4.21,4.53,25.77,0.63,1.88,74.46
NTNX,"Nutanix, Inc.",13.04,10.03,-3.07,-11.78,87.1,28.03,6.33,64.87
ETON,"Eton Pharmaceuticals, Inc.",81.49,98.59,-3.91,-10.01,57.87,13.95,15.98,132.79
ORCL,Oracle Corporation,17.35,20.63,8.97,9.32,65.81,-35.16,7.91,23.89
LMT,Lockheed Martin Corporation,7.21,10.51,6.12,10.33,11.8,11.33,1.94,21.05
PH,Parker-Hannifin Corporation,8.31,9.76,8.71,8.68,37.69,18.16,6.33,35.08
SHW,The Sherwin-Williams Company,5.76,7.52,5.45,6.83,49.07,13.16,4.03,31.45
ST,Sensata Technologies Holding plc,0.65,5.09,7.88,14.13,28.47,15.13,2.17,68.33
SIG,Signet Jewelers Limited,1.35,0.78,5.33,-1.26,38.9,10.09,0.55,10.74
SNDA,"Sonida Senior Living, Inc.",49.37,122.02,18.0,88.81,-16.69,-10.02,6.52,
FER,Ferrovial SE,5.44,5.19,-0.3,0.46,87.14,22.92,4.7,65.2
STGW,Stagwell Inc.,6.38,11.25,-3.16,5.93,34.38,8.11,1.22,136.29
UBER,"Uber Technologies, Inc.",16.68,12.17,-1.47,-6.06,42.31,18.32,3.08,16.76
HMC,"Honda Motor Co., Ltd.",4.13,13.51,2.17,14.7,17.23,0.03,0.07,
TEN,Tsakos Energy Navigation Limited,6.89,28.37,10.55,30.63,39.47,-42.33,3.63,6.06
INOD,Innodata Inc.,39.02,57.8,-73.52,-21.58,42.63,68.92,5.72,44.1
AIT,"Applied Industrial Technologies, Inc.",8.84,10.45,6.96,4.93,30.34,9.24,2.6,30.3
TFII,TFI International Inc.,6.69,10.56,3.87,19.09,12.33,8.29,1.62,31.6
HAYW,"Hayward Holdings, Inc.",7.78,6.27,-1.0,0.92,44.64,17.5,2.29,19.47
TCEHY,Tencent Holdings Limited,11.2,10.68,-0.5,-3.84,55.64,22.89,4.44,14.85
ATRC,"AtriCure, Inc.",13.94,12.83,-2.34,-4.26,76.16,10.2,4.04,227.24
WB,Weibo Corporation,1.77,2.2,0.4,0.62,73.36,0.0,0.52,5.36
RBA,"RB Global, Inc.",10.15,11.05,5.49,2.85,37.46,12.58,3.85,33.6
MLI,"Mueller Industries, Inc.",14.81,25.46,-4.6,11.38,27.31,8.03,2.64,16.12
CR,Crane Company,13.85,25.55,-7.38,16.36,41.74,10.82,4.93,35.7
M,"Macy's, Inc.",-0.35,2.07,3.43,6.21,36.54,6.61,0.43,8.99
BCO,The Brink's Company,8.12,7.06,5.95,3.28,26.43,7.18,1.32,25.65
IFNNY,Infineon Technologies AG,6.7,12.63,10.31,12.58,39.42,9.46,4.99,59.53
NFLX,"Netflix, Inc.",16.02,13.37,1.17,-2.53,49.12,22.73,7.04,24.56
TX,Ternium S.A.,-1.63,9.97,14.71,22.53,17.38,-2.97,0.68,15.24
SSD,"Simpson Manufacturing Co., Inc.",6.48,6.34,3.53,0.63,45.77,19.34,3.19,20.49
PD,"PagerDuty, Inc.",3.69,0.97,-4.86,-6.8,85.02,25.32,2.18,5.95
FANUY,Fanuc Corp.,13.66,19.21,12.42,18.56,38.29,0.0,5.39,31.07
RMBS,Rambus Inc.,17.17,20.43,-18.0,-9.9,78.27,39.6,12.18,41.79
ESE,ESCO Technologies Inc.,20.07,14.4,9.66,-12.47,42.01,15.23,5.76,23.44
GPOR,Gulfport Energy Corp,29.5,-16.04,3.6,-80.23,60.12,16.7,2.63,6.23
SEB,Seaboard Corporation,8.17,17.82,3.48,5.55,7.95,-0.22,0.45,6.62
AXON,"Axon Enterprise, Inc.",34.6,35.28,2.23,2.43,59.41,4.14,16.05,253.25
FSLR,"First Solar, Inc.",23.82,-3.73,8.43,-12.31,44.02,27.89,4.03,13.3
MTCH,"Match Group, Inc.",1.7,-1.23,2.31,-1.19,74.8,32.53,3.52,13.24
EHC,Encompass Health Corporation,9.47,9.58,-2.32,-2.44,73.13,6.66,2.38,19.42
DBD,"Diebold Nixdorf, Incorporated",5.44,1.7,9.19,4.31,26.15,5.8,0.81,20.64
SAM,"The Boston Beer Company, Inc.",1.83,3.37,-0.62,1.84,45.09,9.87,0.83,
TTAN,"ServiceTitan, Inc.",24.09,24.63,-1.99,-2.0,70.91,9.65,8.53,
NWE,Northwestern Energy Group Inc,10.7,14.56,6.92,7.44,66.49,-11.36,4.71,25.56
ACLS,"Axcelis Technologies, Inc.",-3.35,10.6,16.03,34.76,43.01,7.57,4.0,41.26
SONY,Sony Group Corporation,2.0,8.25,2.44,6.05,31.79,12.73,1.7,
NKE,"NIKE, Inc.",0.19,-1.13,10.03,10.84,42.91,4.71,1.33,19.25
DXPE,"DXP Enterprises, Inc.",11.47,15.6,-2.46,3.67,31.76,5.55,1.65,30.66
LIND,"Lindblad Expeditions Holdings, Inc.",18.27,18.64,-0.46,-4.4,34.73,13.13,2.92,
LMAT,"LeMaitre Vascular, Inc.",11.85,9.57,-2.27,-5.44,72.9,28.13,6.49,28.78
ASX,"ASE Technology Holding Co., Ltd.",16.61,34.07,12.32,32.92,19.49,-33.76,3.87,42.22
TGT,Target Corporation,1.95,5.27,3.5,6.21,29.3,6.46,0.67,16.55
DECK,Deckers Outdoor Corporation,7.85,5.7,-7.64,-11.16,57.8,21.75,1.98,11.9
PSO,Pearson plc,-4.35,2.17,-9.4,4.08,51.74,19.57,1.19,9.33
BOOT,"Boot Barn Holdings, Inc.",17.65,17.75,0.94,-1.31,38.45,4.97,2.4,20.43
LBRT,Liberty Energy Inc.,2.29,14.01,11.61,24.13,12.88,-7.54,1.01,25.93
PSMT,"PriceSmart, Inc.",10.18,12.49,2.71,5.34,17.63,1.3,0.93,33.32
LOPE,"Grand Canyon Education, Inc.",6.97,6.69,0.45,-2.12,53.27,21.23,3.17,16.89
PONY,Pony AI Inc. American Depositary Shares,45.98,68.82,57.43,81.91,16.23,-251.54,13.02,
JNJ,Johnson & Johnson,8.06,6.6,3.38,0.83,70.45,19.1,6.95,31.0
GE,GE Aerospace,21.8,21.11,32.84,-0.1,35.44,7.09,7.3,40.15
NTR,Nutrien Ltd.,8.63,3.58,11.89,0.81,31.02,7.48,1.66,14.72
DOV,Dover Corporation,7.56,6.85,8.41,1.68,39.58,13.93,3.42,24.03
WST,"West Pharmaceutical Services, Inc.",12.39,13.85,9.51,4.7,36.77,13.13,7.5,44.36
BLCO,Bausch + Lomb Corporation,8.75,8.69,-0.06,3.59,57.23,2.64,2.06,
CNX,CNX Resources Corporation,25.44,14.26,-12.77,-61.86,49.86,21.99,3.19,5.58
ALK,"Alaska Air Group, Inc.",9.79,9.75,-18.02,-18.11,94.63,-2.37,0.64,
MD,"Pediatrix Medical Group, Inc.",0.51,4.04,3.59,11.07,25.95,11.74,1.21,12.32
AMGN,Amgen Inc.,9.23,9.68,-3.61,0.39,72.65,26.69,7.3,26.89
GRAB,Grab Holdings Limited,21.45,21.73,2.61,-1.61,43.63,-1.8,2.6,23.43
SIRI,Sirius XM Holdings Inc.,0.44,1.03,4.2,2.87,46.18,18.01,2.19,10.83
MICC,The Magnum Ice Cream Company N.V.,0.23,4.13,,1.41,100.0,4.2,1.69,38.32
MSGS,Madison Square Garden Sports Corp.,11.03,36.67,9.85,46.92,27.74,5.31,9.2,1242.52
SCL,Stepan Co,7.63,15.04,4.98,8.16,11.81,-1.39,0.84,
QRVO,"Qorvo, Inc.",-0.18,-4.15,8.66,3.51,48.22,17.82,2.42,21.55
APG,APi Group Corporation,14.09,13.27,6.49,-1.76,29.27,8.01,2.51,52.6
CON,"Concentra Group Holdings Parent, Inc.",14.02,10.03,6.17,-5.22,29.31,15.29,2.83,22.57
TOELY,Tokyo Electron Limited,9.2,33.26,-12.47,34.25,45.56,15.04,8.97,38.55
MTSI,"MACOM Technology Solutions Holdings, Inc.",28.36,35.77,-5.14,3.43,56.56,10.21,17.24,84.52
OTIS,Otis Worldwide Corporation,5.24,7.34,5.34,7.51,30.17,11.48,2.37,18.03
AAP,"Advance Auto Parts, Inc.",-1.31,-0.5,8.0,7.22,44.66,-2.03,0.53,29.83
INTC,Intel Corp.,7.47,25.42,11.19,25.22,38.93,4.96,8.51,
CMCSA,Comcast Corporation,0.58,-1.23,-1.95,-3.34,69.39,16.37,1.41,8.33
MANH,"Manhattan Associates, Inc.",6.48,9.31,0.34,6.64,54.65,35.45,10.82,58.59
VSEC,VSE Corporation,31.72,65.04,6.29,23.91,13.97,-0.08,5.2,81.58
FRPT,"Freshpet, Inc.",12.77,15.45,-6.53,2.94,39.29,14.32,3.25,18.08
NCNO,"nCino, Inc.",9.58,10.6,-3.81,-1.93,60.67,18.15,4.01,167.75
HPK,"HighPeak Energy, Inc.",-12.57,35.94,7.72,63.14,33.77,-1.75,2.49,
UNP,Union Pacific Corporation,4.17,11.54,3.11,9.09,45.53,25.6,8.32,24.87
BTI,British American Tobacco p.l.c.,-5.42,-0.12,-9.93,3.99,77.57,28.61,2.38,9.41
BIP,Brookfield Infrastructure Partners L.P.,16.38,19.4,7.52,13.73,26.53,-2.3,3.24,44.5
ARMK,Aramark,11.02,9.33,11.08,3.6,6.58,2.36,1.09,40.94
W,Wayfair Inc.,7.46,7.52,6.59,2.51,30.05,3.84,1.27,
PHI,PLDT Inc.,1.7,3.08,-0.32,1.32,64.78,18.92,2.72,8.99
SBH,"Sally Beauty Holdings, Inc.",1.08,0.23,1.45,1.19,52.1,6.47,0.78,8.1
ROP,"Roper Technologies, Inc.",10.88,8.5,-2.72,-4.71,69.53,31.67,6.33,16.55
EXE,Expand Energy Corporation,56.8,-19.7,-17.33,-652.5,63.12,19.01,1.81,7.87
APA,APA Corporation,-12.18,10.15,-24.31,24.5,38.77,23.87,2.17,9.36
ATEYY,Advantest Corporation,38.46,41.15,-34.21,-49.0,65.73,31.6,19.95,54.13
HSIC,"Henry Schein, Inc.",6.49,6.73,4.2,3.41,30.31,3.96,1.01,25.08
ADUS,Addus HomeCare Corporation,15.88,8.01,1.59,-13.78,32.36,10.37,1.53,21.31
TMO,Thermo Fisher Scientific Inc.,7.23,10.49,5.18,7.51,40.37,15.79,5.9,33.67
ECL,Ecolab Inc.,7.11,9.69,6.54,8.71,44.11,11.13,5.25,37.67
PBA,Pembina Pipeline Corporation,-2.05,20.09,0.49,23.49,39.61,26.12,6.69,22.05
OSK,Oshkosh Corp,2.18,6.7,2.01,10.73,15.9,10.83,0.96,17.02
TTC,The Toro Company,2.51,8.1,-0.43,10.41,33.32,16.29,2.22,27.59
TKR,The Timken Company,5.45,7.46,7.46,8.21,28.67,8.1,2.16,33.34
ATKR,Atkore Inc.,1.63,8.13,13.72,18.75,19.64,1.96,1.27,
AORT,"Artivion, Inc.",16.4,11.32,8.96,-3.94,62.8,-2.31,3.6,
VTOL,Bristow Group Inc.,7.08,9.38,1.99,4.75,42.31,-2.2,1.29,13.08
ENTG,"Entegris, Inc.",3.19,11.46,5.06,13.96,45.48,17.29,7.55,71.73
IPAR,"Inter Parfums, Inc.",2.93,2.13,-4.11,4.55,63.82,16.44,2.45,22.22
OMF,"OneMain Holdings, Inc.",6.97,5.79,-2.38,-3.53,63.63,50.36,4.32,9.22
G,Genpact Limited,6.52,7.1,-0.88,0.45,36.58,10.9,1.37,10.84
DOCS,"Doximity, Inc.",11.18,7.34,-8.27,-7.85,88.07,45.65,6.42,29.26
AIR,AAR Corp.,18.97,23.0,-0.93,8.07,18.8,1.57,1.9,28.57
TNL,Travel + Leisure Co.,4.55,4.42,2.11,1.07,45.19,16.66,2.39,18.36
SAIL,"SailPoint, Inc.",23.96,21.55,-17.35,-1.26,66.39,16.5,9.1,
DBX,"Dropbox, Inc.",-0.05,0.93,-0.01,2.31,79.72,37.81,4.56,19.62
LILA,Liberty Latin America Ltd.,1.08,1.46,3.24,4.26,67.62,8.03,2.29,
SAP,SAP SE,6.43,9.43,-3.85,0.52,72.76,22.8,5.62,27.75
VLTO,Veralto Corporation,6.23,7.51,0.62,1.07,60.18,18.38,4.49,24.63
HESAY,Hermes International Societe en commandite par actions Unsponsored ADR,18.02,10.94,-29.37,-26.12,69.6,31.35,4.77,17.99
NDAQ,"Nasdaq, Inc.",7.33,21.15,-16.25,4.52,59.35,22.41,7.08,28.04
CHRW,"C.H. Robinson Worldwide, Inc.",-0.09,19.28,2.46,27.02,10.13,3.93,1.11,27.02
PAHC,Phibro Animal Health Corporation,25.98,10.27,6.86,-21.87,32.49,0.85,1.43,15.08
ACN,Accenture plc,6.74,5.59,0.53,-2.07,31.97,17.21,1.53,14.5
FDS,FactSet Research Systems Inc.,6.62,6.39,1.55,0.45,51.38,29.05,4.89,18.85
CNI,Canadian National Railway Company,3.7,11.31,3.07,12.62,44.42,19.97,7.33,22.55
AMRZ,Amrize Ltd,5.09,8.51,,9.22,25.03,10.84,2.53,20.73
SKYW,"SkyWest, Inc.",9.1,6.52,-11.35,-12.86,71.4,7.52,1.35,9.68
BATRA,"Atlanta Braves Holdings, Inc.",97.73,-2.34,91.23,-12.79,28.65,10.69,3.16,123.57
ALHC,"Alignment Healthcare, Inc.",37.21,31.55,-12.24,-17.47,12.55,4.49,0.51,66.3
LHX,"L3Harris Technologies, Inc.",7.29,8.39,4.37,5.99,25.48,12.24,2.61,26.89
VIK,Viking Holdings Ltd,20.02,16.49,2.3,-1.97,38.76,14.98,5.94,29.07
RTO,Rentokil Initial plc,41.35,33.4,-28.15,-38.82,13.54,10.7,1.07,13.95
MH,"McGraw Hill, Inc.",0.14,2.65,-6.51,0.21,81.65,16.94,2.32,26.71
LULU,Lululemon Athletica Inc.,4.22,4.26,-5.17,-3.07,55.7,11.42,1.23,9.04
GDRX,"GoodRx Holdings, Inc.",-1.83,-1.31,-5.03,-2.54,88.05,18.56,1.86,74.77
YUM,"Yum! Brands, Inc.",10.31,12.27,-0.98,2.68,45.8,19.25,5.98,18.28
EXPD,"Expeditors International of Washington, Inc.",6.77,32.07,-16.93,23.34,23.89,7.68,2.01,26.79
GPC,Genuine Parts Company,5.47,6.04,2.82,2.66,36.22,3.03,0.97,554.62
CNH,CNH Industrial N.V.,0.63,1.95,22.35,16.11,30.61,6.55,2.06,43.48
HAE,Haemonetics Corporation,0.44,5.6,-0.47,9.99,57.38,21.54,4.36,51.32
ALH,Alliance Laundry Holdings Inc.,12.01,9.58,,2.7,37.22,12.55,3.72,34.22
NDSN,Nordson Corporation,7.02,10.27,2.53,-1.81,55.29,24.3,6.74,33.25
LNTH,"Lantheus Holdings, Inc.",2.35,2.68,-3.4,6.75,60.14,32.75,4.21,23.68
CHT,"Chunghwa Telecom Co., Ltd.",5.5,10.05,1.65,5.27,36.01,22.53,4.2,27.34
PBH,Prestige Consumer Healthcare Inc.,-1.36,6.48,-1.99,13.08,53.26,21.3,3.97,14.04
GHM,Graham Corporation,21.22,28.57,6.58,17.49,23.29,-2.34,4.47,100.4
DIDIY,DiDi Global Inc.,9.81,11.61,2.39,2.15,15.61,-1.35,0.43,154.27
ORLY,"O'Reilly Automotive, Inc.",8.47,8.11,3.32,2.19,51.64,11.61,4.47,27.77
CASY,"Casey's General Stores, Inc.",10.16,14.5,2.91,3.59,24.61,4.11,1.89,43.09
ALKT,"Alkami Technology, Inc.",27.05,15.87,-2.58,-20.52,57.01,13.29,4.91,
UMC,United Microelectronics Corporation,5.57,16.98,-0.71,13.53,30.6,23.64,5.35,17.19
DAC,Danaos Corporation,2.45,4.66,-1.75,-1.77,68.02,16.79,2.54,5.0
KTOS,"Kratos Defense & Security Solutions, Inc.",25.5,30.53,17.74,13.4,21.99,-8.47,6.03,337.59
VRT,Vertiv Holdings Co,26.23,24.12,-0.07,-10.98,37.52,25.47,8.65,57.23
IHG,InterContinental Hotels Group PLC,28.29,14.51,-49.3,-52.06,45.56,16.8,2.62,16.15
ALLY,Ally Financial Inc.,2.04,4.88,7.22,8.72,49.7,-3.84,1.72,8.88
PRM,"Perimeter Solutions, Inc.",24.25,31.46,-32.62,3.68,48.55,13.72,8.4,
DLX,Deluxe Corporation,0.3,-4.21,2.22,-1.14,52.53,11.19,1.2,10.94
AEP,"American Electric Power Company, Inc.",7.66,7.02,1.82,-2.91,48.98,39.78,5.4,21.88
RGEN,Repligen Corporation,16.49,11.93,5.82,-2.88,51.05,14.11,13.07,249.95
CAKE,The Cheesecake Factory Incorporated,5.66,7.72,0.9,1.99,46.42,5.32,1.83,29.19
AGYS,"Agilysys, Inc.",14.38,14.35,-3.53,-6.38,62.32,24.35,9.44,75.14
SON,Sonoco Products Company,31.73,-1.31,41.51,-18.98,20.81,5.41,1.38,8.91
ATS,ATS Corporation,13.73,-5.84,27.1,-11.95,28.02,7.74,1.3,55.48
FTDR,"Frontdoor, Inc.",9.26,4.54,0.7,-9.3,52.54,17.98,2.93,20.95
CRCT,"Cricut, Inc.",-3.11,-9.2,0.87,-11.68,57.94,21.41,1.26,13.09
RRX,Regal Rexnord Corporation,3.5,4.16,11.38,7.49,37.75,7.7,2.55,34.31
AWR,American States Water Company,13.23,11.18,4.69,6.19,57.02,2.97,6.17,24.62
HUN,Huntsman Corporation,0.65,14.06,2.21,21.43,13.5,-0.15,0.67,
TS,Tenaris S.A.,2.29,-3.86,14.57,3.25,33.9,14.4,2.17,14.85
KEX,Kirby Corporation,6.56,7.83,4.11,4.06,25.36,13.63,2.48,21.06
DV,"DoubleVerify Holdings, Inc.",7.64,2.52,-8.9,-18.73,80.44,20.05,2.53,34.66
NTRA,"Natera, Inc.",37.82,37.71,-6.56,5.48,65.3,2.65,17.15,
COO,"The Cooper Companies, Inc.",6.09,7.9,-0.79,1.57,64.37,13.46,4.08,63.44
PLUS,ePlus inc.,14.7,1.85,16.85,-17.13,24.71,2.23,0.76,18.33
UPBD,"Upbound Group, Inc.",5.85,0.51,-1.64,-7.02,49.13,7.5,0.56,11.93
BR,"Broadridge Financial Solutions, Inc.",8.56,7.59,2.69,1.36,31.77,17.54,3.17,18.3
BJ,"BJ's Wholesale Club Holdings, Inc.",5.92,9.86,3.08,5.08,18.47,1.04,0.65,20.15
ZGN,Ermenegildo Zegna N.V.,13.51,-1.95,-33.41,-48.43,64.12,11.25,0.99,17.86
KSS,Kohl's Corporation,-3.8,-2.04,3.23,2.36,39.4,7.8,0.52,7.13
LIN,Linde plc,6.63,9.35,5.35,6.59,45.64,14.03,6.96,30.68
RDNT,"RadNet, Inc.",18.92,24.99,7.6,16.61,9.7,-2.58,3.31,
BCPC,Balchem Corp,10.14,11.17,4.4,2.03,36.29,15.78,5.45,35.36
XPEL,"XPEL, Inc.",13.19,14.71,3.23,1.24,42.9,-0.62,2.76,25.16
IBM,International Business Machines Corporation,7.9,1.09,5.21,-6.57,58.43,19.25,4.05,20.78
TBB,AT&T Inc. 5.35% GLB NTS 66,2.63,2.3,1.16,-1.22,59.72,13.87,2.38,7.34
EPAC,Enerpac Tool Group Corp.,4.27,5.6,1.45,0.1,49.05,17.71,3.12,20.46
IDT,IDT Corporation,4.24,4.55,2.32,3.76,37.35,4.34,1.12,20.56
WFRD,Weatherford International plc,-7.17,-8.22,-1.82,6.08,62.12,10.99,1.47,17.93
MMSI,"Merit Medical Systems, Inc.",10.33,9.66,0.24,-3.34,49.52,12.89,3.66,37.11
CENX,Century Aluminum Company,9.67,19.74,-5.71,7.74,19.27,5.67,1.65,7.05
IMKTA,"Ingles Markets, Incorporated",1.02,1.64,8.98,5.04,24.49,2.76,0.31,15.39
ABM,ABM Industries Inc.,6.53,8.44,3.0,3.81,11.53,3.69,0.51,17.49
CHKP,Check Point Software Technologies Ltd.,4.64,1.26,-1.63,-4.76,86.12,41.2,4.75,12.8
ENSG,"The Ensign Group, Inc.",18.89,17.33,2.58,-1.15,14.14,7.64,2.26,27.68
TM,Toyota Motor Corporation,8.58,11.83,4.13,8.33,16.76,-1.65,1.32,7.94
GLW,Corning Inc,19.41,16.65,4.79,-2.14,36.32,14.12,8.09,68.58
GWW,"W.W. Grainger, Inc.",7.8,10.25,3.45,4.64,39.4,8.01,3.37,32.78
PKG,Packaging Corporation of America,10.35,14.67,1.36,10.05,20.11,7.79,2.77,32.66
CWT,California Water Service Group,6.43,16.47,5.81,8.02,64.41,-22.36,4.49,23.27
RHHBY,Roche Holding AG,-10.87,0.85,-9.3,5.61,73.0,27.18,2.93,16.35
ERIC,Telefonaktiebolaget LM Ericsson (publ),-5.17,-1.32,-2.55,5.67,48.13,13.31,1.32,12.94
CDW,CDW Corporation,7.41,9.97,2.95,-0.23,21.36,4.72,0.99,16.3
ACIW,"ACI Worldwide, Inc.",7.03,7.27,-4.19,-0.17,49.08,19.48,3.26,23.25
IQV,IQVIA Holdings Inc.,8.17,8.74,4.58,3.42,26.23,15.39,3.35,31.12
CQP,"Cheniere Energy Partners, L.P.",15.43,5.21,4.81,-24.41,37.27,28.35,4.1,10.59
BEPC,Brookfield Renewable Corporation,6.93,13.03,11.23,16.77,47.08,-13.33,4.73,
WU,The Western Union Company,-1.69,-1.26,2.1,2.52,32.97,9.98,0.54,5.74
MTX,Minerals Technologies Inc.,4.06,3.69,7.99,5.96,24.52,5.6,1.3,
SHC,Sotera Health Company,8.15,9.18,5.75,2.77,54.72,9.27,6.08,33.53
NOVT,Novanta Inc.,7.61,10.27,1.27,8.07,42.52,11.1,4.68,85.01
FELE,"Franklin Electric Co., Inc.",7.38,6.03,5.18,-2.1,35.52,9.87,2.17,29.44
BLLN,"BillionToOne, Inc.",90.12,64.4,,-19.71,71.27,8.35,10.08,131.58
T,AT&T Inc.,2.63,2.3,1.16,-1.22,59.72,13.87,2.5,8.01
IR,Ingersoll Rand Inc.,7.85,8.52,3.18,3.95,37.94,15.35,4.39,32.55
DOW,Dow Inc.,-1.2,19.68,1.62,27.11,9.79,1.06,0.98,
TOST,"Toast, Inc.",23.04,23.1,-3.07,-1.7,26.68,8.47,2.76,42.16
AES,The AES Corporation,8.49,19.86,11.69,22.82,20.29,-13.18,3.12,5.51
SPSC,"SPS Commerce, Inc.",9.8,5.56,-10.71,-16.45,69.82,25.72,3.5,36.82
ATEC,"Alphatec Holdings, Inc.",19.47,15.07,-6.81,-12.38,66.15,0.51,2.35,
SYK,Stryker Corporation,8.48,9.42,-2.88,-1.65,65.17,18.2,5.41,34.43
ICE,"Intercontinental Exchange, Inc.",6.93,10.7,-9.39,-1.9,73.42,36.11,8.05,22.21
OKE,"ONEOK, Inc.",40.83,52.77,-6.17,-8.39,21.83,7.38,2.36,16.36
HBM,Hudbay Minerals Inc.,12.99,21.37,4.68,-4.69,39.0,9.9,4.99,18.46
PBI,Pitney Bowes Inc.,-5.31,-2.25,-1.9,3.43,54.08,22.58,2.22,12.04
ICLR,ICON Public Limited Company,2.01,2.29,4.92,7.14,21.85,16.31,1.96,41.49
CROX,"Crocs, Inc.",-2.03,2.62,-4.06,-0.79,57.47,17.38,1.83,9.96
CMI,Cummins Inc.,2.93,9.42,4.26,11.16,25.32,9.7,2.49,30.27
DVA,DaVita Inc.,6.45,5.17,1.36,-0.89,31.02,11.49,1.53,13.33
GAP,"The Gap, Inc.",1.58,0.98,0.51,-1.23,40.5,8.29,0.66,7.33
TSLA,"Tesla, Inc.",11.75,25.52,14.48,37.3,18.85,5.56,12.8,356.26
SOLS,Solstice Advanced Materials Inc.,9.2,11.13,,5.18,30.62,4.37,2.59,42.57
WSC,WillScot Holdings Corporation,-2.51,3.92,-0.17,6.48,48.38,23.43,3.39,
AZO,"AutoZone, Inc.",5.74,8.44,0.59,3.03,51.75,8.17,3.03,19.42
SKM,"SK Telecom Co.,Ltd",-4.36,0.47,-4.41,2.36,90.3,7.92,1.69,27.39
BAX,Baxter International Inc.,5.36,5.34,12.05,1.03,30.08,5.91,1.84,
AA,Alcoa Corporation,3.1,31.41,-19.83,24.81,18.79,2.59,1.03,10.29
AM,Antero Midstream Corporation,7.19,8.33,0.1,-4.08,62.92,74.63,10.8,26.45
NXT,Nextpower Inc.,16.97,8.21,3.72,-11.84,33.38,15.17,3.34,22.48
VERX,"Vertex, Inc.",10.83,10.52,-4.17,-4.04,62.05,7.42,2.93,611.63
PDFS,"PDF Solutions, Inc.",23.05,18.95,5.29,-5.22,71.46,-0.85,7.46,178.79
MTD,Mettler-Toledo International Inc.,6.91,4.48,3.81,0.63,59.3,20.9,7.47,31.84
GHC,Graham Holdings Company,4.83,7.13,0.1,4.56,28.82,4.74,1.01,9.24
AIN,Albany International Corp.,3.2,5.81,8.37,12.01,21.06,4.82,1.67,
COLM,Columbia Sportswear Company,-0.19,1.5,-0.97,-4.65,52.02,9.43,0.85,14.8
ITW,Illinois Tool Works Inc.,4.3,6.12,5.7,5.47,44.16,17.74,5.51,25.64
BSX,Boston Scientific Corporation,13.53,7.53,-7.92,-15.31,71.16,17.27,4.11,20.25
NOK,Nokia Oyj,5.29,5.92,5.71,4.13,44.4,2.64,2.25,66.89
AYI,"Acuity Brands, Inc.",10.5,1.65,1.34,-20.1,49.31,13.88,2.32,21.77
LION,Lionsgate Studios Corp.,-8.0,47.67,-7.8,39.66,39.55,3.37,2.42,
HIMS,"Hims & Hers Health, Inc.",28.04,38.25,-60.65,-34.36,64.68,3.49,3.07,
EPAM,"EPAM Systems, Inc.",10.76,4.53,1.03,-13.51,28.33,8.59,0.88,13.95
EFXT,Enerflex Ltd.,10.14,-6.96,13.67,-8.87,22.72,9.63,1.16,47.82
ADNT,Adient plc,4.98,5.03,7.98,4.35,6.28,1.99,0.2,31.8
CCEP,Coca-Cola Europacific Partners PLC,13.63,9.12,-20.02,-9.58,35.51,10.16,1.21,11.57
CNXN,"PC Connection, Inc.",3.23,12.41,-1.71,9.26,18.89,1.14,0.56,20.94
DHR,Danaher Corporation,4.56,5.54,2.67,2.18,58.51,21.77,7.01,38.38
HCA,"HCA Healthcare, Inc.",7.31,8.73,0.95,2.37,28.36,7.69,1.74,12.85
CLF,Cleveland-Cliffs Inc.,4.0,5.92,16.14,9.02,-0.65,-4.46,0.71,
BDC,Belden Inc.,9.44,11.63,-3.49,0.44,36.47,7.4,2.06,20.15
PLNT,"Planet Fitness, Inc.",12.7,7.14,0.23,-6.13,50.3,18.57,4.82,17.77
CHYM,"Chime Financial, Inc. Class A Common Stock",21.62,9.24,-14.39,-28.22,87.26,13.49,4.85,
MLKN,"MillerKnoll, Inc.",4.68,4.41,3.54,-3.79,38.78,3.62,0.83,17.05
ADM,Archer-Daniels-Midland Company,-0.84,7.05,5.88,11.81,6.87,2.04,0.48,22.64
CRS,Carpenter Technology Corporation,8.59,12.63,4.33,18.01,30.58,11.6,7.9,46.03
CSL,Carlisle Companies Incorporated,1.9,8.33,0.54,8.41,35.26,17.0,3.27,19.96
ETSY,"Etsy, Inc.",2.14,-0.65,1.16,-4.48,72.3,21.57,3.39,37.0
COST,Costco Wholesale Corporation,9.23,11.58,3.29,3.57,12.88,3.0,1.38,47.15
PHG,Koninklijke Philips N.V.,-1.08,0.51,0.45,3.29,45.94,10.77,1.63,20.76
GGG,Graco Inc.,4.58,3.28,3.82,-0.08,52.64,27.22,5.65,24.88
ANF,Abercrombie & Fitch Co.,5.13,1.5,-7.41,-6.0,60.86,7.88,1.0,9.34
ROAD,"Construction Partners, Inc.",41.92,28.25,2.73,-22.25,15.8,5.05,2.35,44.65
PLAB,"Photronics, Inc.",0.52,-0.5,3.71,2.27,33.77,11.18,1.32,11.15
MCD,McDonald's Corporation,6.3,3.74,5.13,-1.7,57.39,28.02,8.86,21.81
S,"SentinelOne, Inc.",21.38,20.8,-6.81,-2.1,74.03,4.23,6.1,
SNDR,"Schneider National, Inc.",6.25,10.43,4.05,2.55,13.82,3.77,1.07,54.98
LSPD,Lightspeed Commerce Inc.,11.57,5.82,-3.89,-8.78,43.09,3.06,0.87,
FINV,FinVolution Group,-1.08,-8.34,-6.32,-18.32,77.14,8.36,-0.03,3.34
RELX,RELX Plc,4.75,5.73,-19.29,-11.2,64.69,29.54,2.82,10.89
WBI,WaterBridge Infrastructure LLC,36.06,10.67,,,25.06,-10.02,4.12,98.24
KFRC,Kforce Inc.,-1.26,4.49,4.51,10.67,27.48,1.68,0.87,28.73
RYCEY,Rolls-Royce Holdings plc,28.15,29.2,-17.65,-29.04,26.79,17.82,2.88,14.16
ZD,"Ziff Davis, Inc.",-8.46,-18.59,-14.4,-28.38,77.11,23.91,0.99,3.18
PEG,Public Service Enterprise Group Incorporated,12.65,-8.95,3.97,-24.71,85.41,15.83,4.92,18.52
TGLS,Tecnoglass Inc.,9.87,15.55,-7.02,-0.79,39.56,4.17,1.84,13.82
ACVA,ACV Auctions Inc.,13.3,10.45,-16.77,-10.15,62.49,0.74,1.58,
RIVN,"Rivian Automotive, Inc.",14.21,27.24,11.48,14.72,7.51,-59.31,3.34,
TBLA,Taboola.com Ltd.,8.0,2.44,-4.02,-6.28,29.32,10.23,0.49,8.5
EMR,Emerson Electric Co.,4.82,7.03,0.01,3.08,53.16,18.57,5.29,33.78
XPO,"XPO Logistics, Inc.",7.04,13.22,7.14,13.17,12.77,6.86,3.13,57.2
ALV,"Autoliv, Inc.",5.89,3.28,6.87,-0.9,19.22,6.82,0.97,13.81
BROS,Dutch Bros Inc.,29.65,32.48,-0.15,4.5,25.02,5.05,5.01,91.94
RIG,Transocean Ltd.,8.54,-2.23,-14.72,-16.98,74.28,21.95,2.59,
NAT,Nordic American Tankers Limited,4.65,64.32,8.52,96.32,29.13,-25.66,5.45,27.35
CTAS,Cintas Corporation,8.94,8.9,1.19,0.94,50.67,16.7,7.46,40.83
VECO,Veeco Instruments Inc.,-2.52,16.48,-2.33,22.04,37.81,12.47,3.97,124.06
ENS,EnerSys,3.73,4.77,-0.0,0.07,30.51,18.91,1.95,19.56
REX,REX American Resources Corporation,2.59,3.6,20.89,5.4,16.52,7.02,1.69,15.67
TILE,"Interface, Inc.",6.54,5.37,0.28,-2.96,40.48,8.61,1.72,15.67
ATR,"AptarGroup, Inc.",8.93,6.26,7.42,0.12,28.26,7.89,2.47,23.42
XRAY,DENTSPLY SIRONA Inc.,-0.76,-4.06,5.01,0.82,49.52,3.93,1.17,
BLFS,"BioLife Solutions, Inc.",34.39,11.98,37.68,-16.96,64.48,-0.88,17.17,36.32
NEE,"NextEra Energy, Inc.",12.05,12.45,11.86,2.05,71.81,-35.06,9.79,19.0
RACE,Ferrari N.V.,5.64,8.24,-3.71,3.83,51.62,40.0,8.98,39.37
SGI,Somnigroup International Inc,27.07,-3.05,4.02,-55.51,44.58,10.1,2.62,25.65
SJM,The J. M. Smucker Company,3.72,5.8,-2.97,8.6,33.53,12.77,2.24,
POOL,Pool Corporation,2.23,2.15,3.94,1.32,29.58,11.32,1.61,17.49
HSY,The Hershey Company,7.69,6.6,5.14,-19.44,38.11,20.92,3.55,25.76
CE,Celanese Corporation,-2.28,8.69,3.54,13.18,20.23,7.29,1.66,
TMDX,"TransMedics Group, Inc.",25.82,20.7,-22.27,-16.97,58.69,11.82,5.39,21.15
GRMN,Garmin Ltd.,13.51,11.44,-6.14,-9.0,60.08,20.0,7.15,30.54
CNMD,CONMED Corporation,3.58,0.13,-0.26,-3.16,54.8,9.8,1.71,27.41
ADP,"Automatic Data Processing, Inc.",6.74,6.77,-0.33,-0.75,48.19,22.69,5.15,25.37
AMRX,"Amneal Pharmaceuticals, Inc.",9.28,9.89,-0.54,6.66,39.32,2.67,2.68,36.22
ARLP,"Alliance Resource Partners, L.P.",-5.11,0.75,3.48,8.48,24.41,16.11,1.77,12.64
MCRI,"Monarch Casino & Resort, Inc.",5.1,4.15,0.45,-2.69,45.84,27.46,3.76,19.51
AZN,AstraZeneca PLC,8.61,6.41,-6.39,-5.33,81.88,14.24,4.62,24.52
TDY,Teledyne Technologies Incorporated,7.87,9.83,1.43,-0.33,39.04,17.92,4.87,30.13
IT,"Gartner, Inc.",0.68,-0.62,-5.21,-6.35,68.89,19.94,2.25,16.83
SITE,"SiteOne Landscape Supply, Inc.",3.28,4.73,-1.1,1.35,35.13,5.43,0.88,25.6
ADT,ADT Inc.,2.11,1.94,-4.45,-4.91,51.39,36.43,2.63,9.52
RXO,"RXO, Inc.",9.53,25.02,-36.87,-27.56,41.57,-0.3,0.71,
BTSG,"BrightSpring Health Services, Inc. Common Stock",19.91,23.05,-8.21,-6.05,12.38,2.8,0.94,39.83
SMTC,Semtech Corporation,14.22,15.91,0.4,-5.9,51.5,14.62,10.92,
DRVN,Driven Brands Holdings Inc.,-10.16,6.78,-3.31,15.18,50.62,7.49,2.34,12.22
MGA,Magna International Inc.,1.94,0.66,5.33,3.64,11.76,7.56,0.57,25.52
TYL,"Tyler Technologies, Inc.",8.19,8.22,-2.5,-1.98,46.62,29.4,6.07,43.93
CTSH,Cognizant Technology Solutions Corporation,5.64,4.5,-0.7,-3.64,32.0,12.0,1.33,12.48
NWL,Newell Brands Inc.,-2.04,3.05,3.25,7.87,35.45,1.63,1.08,
HUBG,"Hub Group, Inc.",-5.79,-5.31,6.32,-1.61,47.69,3.04,0.76,23.28
JCI,Johnson Controls International plc,6.81,9.29,3.06,6.68,36.65,7.99,3.85,24.43
ROL,"Rollins, Inc.",9.9,7.91,-0.48,-4.16,50.71,15.78,4.69,32.71
PKX,POSCO Holdings Inc.,0.02,9.7,4.15,14.86,7.86,-3.16,0.69,18.48
CLVT,Clarivate Plc,-3.5,-5.49,0.43,-1.04,66.82,13.58,2.22,
DIS,The Walt Disney Company,4.58,6.76,-0.43,4.62,37.6,8.39,2.3,21.7
IEX,IDEX Corporation,7.32,6.38,2.59,-0.83,44.7,17.89,5.19,33.41
VFC,V.F. Corporation,0.19,-5.18,2.45,-4.71,54.65,6.1,1.03,20.11
RKLB,"Rocket Lab USA, Inc.",52.53,61.99,-1.84,25.99,37.26,-51.79,51.89,
RTX,RTX Corporation,11.84,14.49,-3.6,5.06,20.35,12.85,3.43,37.47
ASML,ASML Holding N.V.,9.84,21.25,-16.58,-1.96,52.73,28.43,16.24,54.46
ODFL,"Old Dominion Freight Line, Inc.",-0.64,10.39,4.9,16.46,31.7,19.9,7.57,39.2
NTSK,"Netskope, Inc. Class A Common Stock",30.93,27.8,,-2.56,69.26,-7.75,7.2,
TAP,Molson Coors Beverage Company,-1.77,-3.26,3.71,-1.68,36.22,11.96,1.22,
HXL,Hexcel Corporation,5.05,8.04,3.58,10.14,24.5,15.28,4.08,46.49
AMC,"AMC Entertainment Holdings, Inc.",6.41,14.22,-3.01,-21.42,67.08,-0.41,1.75,
BBY,"Best Buy Co., Inc.",0.99,1.93,4.23,2.83,22.52,3.83,0.49,15.92
FLUT,Flutter Entertainment plc,15.24,3.32,-0.39,-12.63,42.46,4.44,1.65,
LEA,Lear Corporation,3.55,2.97,6.67,2.65,7.05,3.58,0.37,11.27
UA,"Under Armour, Inc.",-3.39,-3.43,4.63,0.51,47.01,-1.64,0.64,
TV,"Grupo Televisa, S.A.B.",-3.84,-2.99,5.49,3.31,38.33,5.52,1.2,
HQY,"HealthEquity, Inc.",7.58,7.19,-11.63,-7.84,72.7,36.47,7.12,38.17
SWK,"Stanley Black & Decker, Inc.",0.57,0.39,3.28,2.36,31.72,8.45,1.25,23.96
AOS,A. O. Smith Corporation,0.39,-0.69,3.91,0.58,38.59,16.8,2.42,17.43
UAA,"Under Armour, Inc.",-3.39,-3.43,4.68,0.51,47.01,-1.64,0.65,
CACC,Credit Acceptance Corporation,3.77,2.05,-8.68,-6.29,89.68,52.55,5.34,12.18
GNTX,Gentex Corporation,10.13,-1.0,7.7,-15.82,35.0,18.91,3.23,12.32
NOC,Northrop Grumman Corporation,5.9,5.07,6.55,3.77,20.06,8.5,2.21,18.01
DEO,Diageo plc,8.51,-1.35,-21.99,-25.53,59.8,17.01,1.8,12.82
LDOS,"Leidos Holdings, Inc.",3.41,7.17,-3.12,4.24,17.42,12.27,1.34,12.88
BIIB,Biogen Inc.,-0.49,3.42,-3.85,-3.91,67.71,29.84,3.94,38.52
SAIA,"Saia, Inc.",4.84,17.06,0.6,17.8,16.12,7.52,2.9,34.75
CVS,CVS Health Corp.,7.36,7.26,0.92,-1.16,14.15,2.83,0.44,24.44
DDS,"Dillard's, Inc.",0.21,-0.36,2.65,-1.77,39.19,9.57,1.3,13.79
VMI,"Valmont Industries, Inc.",3.8,6.49,3.94,5.45,30.37,7.61,2.39,18.97
INGR,Ingredion Incorporated,-1.38,0.93,3.78,3.32,23.73,9.05,1.05,11.45
WMK,"Weis Markets, Inc.",4.5,4.64,2.19,1.85,23.23,0.5,0.33,17.77
KLAC,KLA Corporation,11.71,15.21,-12.27,-8.5,61.3,27.74,18.1,50.63
AKAM,"Akamai Technologies, Inc.",5.87,5.38,1.89,-1.14,56.41,14.57,5.12,39.27
COHR,"Coherent, Inc.",22.52,33.74,-0.9,17.38,37.5,-14.38,8.08,69.53
BCC,Boise Cascade Company,-1.52,5.24,3.74,8.44,15.22,1.6,0.48,27.17
INSP,"Inspire Medical Systems, Inc.",4.35,-7.6,-17.7,-18.43,86.13,13.03,1.64,13.06
MGM,MGM Resorts International,3.19,1.05,2.43,-0.74,44.16,9.41,2.14,25.3
CPRI,Capri Holdings Limited,-8.79,-3.51,-2.4,2.5,60.97,2.41,0.83,10.44
EFOR,"Everforth, Inc.",-0.95,-1.33,5.36,0.03,28.53,5.57,0.68,15.93
BKSY,BlackSky Technology Inc.,4.07,50.08,5.28,61.06,40.41,-64.66,7.91,
PG,The Procter & Gamble Company,3.26,1.5,2.97,-0.24,50.18,18.28,4.2,21.22
ZIM,ZIM Integrated Shipping Services Ltd.,-24.91,8.86,-68.48,24.23,11.13,16.13,1.08,23.7
TTI,"TETRA Technologies, Inc.",5.7,6.78,8.93,5.65,23.73,-2.35,1.76,170.89
IRMD,IRadimed Corporation,11.21,0.28,-0.52,-13.56,75.86,28.88,12.28,48.54
DG,Dollar General Corporation,4.72,3.36,-0.05,-1.9,30.83,6.71,0.96,17.18
PRKS,United Parks & Resorts Inc.,-3.54,-1.41,-2.11,0.08,65.16,16.11,2.74,15.89
HZO,"MarineMax, Inc.",-5.36,-6.98,0.42,6.29,34.21,8.11,0.95,288.36
FA,First Advantage Corporation,32.89,14.88,-32.45,-96.79,36.27,14.48,3.26,144.02
DHI,"D.R. Horton, Inc.",-3.54,0.02,3.77,7.44,22.61,9.92,1.4,13.67
CAG,"Conagra Brands, Inc.",-2.85,3.61,0.78,7.88,23.92,8.68,1.31,
VIPS,Vipshop Holdings Limited,-0.91,0.55,4.33,5.53,23.44,0.0,0.22,6.27
RHI,Robert Half Inc.,-4.95,-2.44,2.0,4.54,36.8,4.06,0.83,39.19
BBWI,"Bath & Body Works, Inc.",-1.39,-3.23,-0.44,-6.12,43.19,12.55,1.08,5.44
VIA,"Via Transportation, Inc.",27.71,26.67,-3.0,-2.23,39.63,-9.83,3.5,
UTI,"Universal Technical Institute, Inc.",9.15,7.15,-5.41,-7.97,61.51,-2.59,1.65,37.06
JKHY,"Jack Henry & Associates, Inc.",7.12,4.66,-0.09,-5.25,43.65,27.31,4.64,23.44
CZR,"Caesars Entertainment, Inc.",2.41,2.96,2.56,0.24,56.54,5.24,2.56,
MZTI,The Marzetti Company,2.85,-0.98,2.16,1.91,24.19,12.78,1.51,17.7
HLT,Hilton Worldwide Holdings Inc.,8.74,6.5,2.48,0.2,44.06,16.08,6.99,46.85
MT,ArcelorMittal S.A.,3.65,5.24,8.46,7.23,8.47,-1.02,1.02,30.05
KR,The Kroger Co.,1.14,2.22,3.25,2.56,23.18,1.94,0.37,32.6
HAL,Halliburton Company,0.63,3.7,4.71,9.24,15.11,7.71,1.6,18.47
CAVA,"CAVA Group, Inc.",26.79,31.3,-1.42,11.12,20.16,3.57,6.21,127.6
AZZ,AZZ Inc.,5.68,6.3,3.98,4.18,24.04,10.09,2.82,21.11
ABBNY,ABB Ltd,8.14,6.46,4.26,-1.56,40.06,13.37,5.05,35.84
CHDN,Churchill Downs Incorporated,5.73,4.88,-2.47,-0.03,52.94,12.79,3.68,15.69
EMBJ,Embraer S.A.,11.21,16.34,-26.31,-3.06,17.86,10.82,1.66,30.32
AQN,Algonquin Power & Utilities Corp.,7.21,3.05,7.83,0.62,72.44,-2.29,4.34,29.9
BH,Biglari Holdings Inc.,7.54,7.86,3.4,-2.54,33.86,12.31,3.57,
DPZ,"Domino's Pizza, Inc.",5.16,4.3,1.5,-0.02,40.02,13.0,3.22,18.81
SYNA,Synaptics Incorporated,11.44,8.91,-0.54,-5.4,44.72,8.47,3.56,
PGNY,"Progyny, Inc.",5.54,5.3,-4.08,-4.17,24.57,16.63,1.4,25.96
TXT,Textron Inc.,8.8,2.99,7.61,-2.37,11.97,4.07,1.14,15.6
DCI,"Donaldson Company, Inc.",4.44,5.85,1.18,4.54,34.16,10.21,2.93,24.51
VRSK,"Verisk Analytics, Inc.",5.01,4.36,-2.59,-3.42,67.66,39.43,9.13,27.76
ABEV,Ambev S.A.,-3.76,0.29,-17.52,0.06,51.9,27.22,2.35,13.7
CHD,"Church & Dwight Co., Inc.",2.69,1.57,1.56,1.9,45.65,17.9,4.07,31.13
PAY,"Paymentus Holdings, Inc.",30.21,28.8,-19.14,-13.07,24.95,11.7,3.35,58.02
CBT,Cabot Corp.,-4.74,6.39,-1.13,15.55,22.89,7.73,1.5,23.22
CAE,CAE Inc.,5.45,6.81,-3.54,4.38,28.57,14.63,2.76,38.74
MBLY,Mobileye Global Inc.,5.0,0.4,0.93,-14.87,47.37,19.5,2.89,
TJX,"The TJX Companies, Inc.",7.66,5.41,3.52,-1.52,32.09,8.78,2.64,25.79
FTI,TechnipFMC plc,9.64,9.01,-2.11,0.02,22.97,15.08,2.94,25.86
SXT,Sensient Technologies Corporation,8.12,11.55,3.17,8.9,34.65,0.26,3.78,36.09
INFQ,Infleqtion Inc,25.83,,,,15.3,-41.6,97.97,
SAH,"Sonic Automotive, Inc.",5.25,7.57,0.77,1.65,15.71,-0.36,0.47,12.3
TT,Trane Technologies plc,7.04,10.56,-3.16,2.29,35.39,16.89,4.64,33.82
SLB,Slb N.V.,2.5,4.98,1.56,11.47,16.53,12.52,2.43,25.87
NOG,"Northern Oil and Gas, Inc.",0.14,28.94,-2.84,26.49,34.45,-37.67,2.5,
WMT,Walmart Inc.,6.16,5.94,1.93,1.17,25.23,1.84,1.21,37.57
ZTS,Zoetis Inc.,1.41,0.33,-3.87,-3.87,70.87,24.86,4.14,12.18
STE,STERIS plc,8.37,7.3,-4.6,-1.42,44.43,15.33,4.09,28.7
MAS,Masco Corporation,-0.56,-2.88,2.17,-0.96,36.93,19.07,2.3,16.51
AXTA,Axalta Coating Systems Ltd.,-0.92,3.14,0.09,6.55,32.56,9.61,1.97,22.05
LW,"Lamb Weston Holdings, Inc.",2.5,5.63,2.75,1.66,20.56,9.63,1.7,25.48
SEI,"Solaris Energy Infrastructure, Inc.",70.52,46.92,7.87,-55.18,40.65,-95.49,6.55,60.17
FUL,H.B. Fuller Company,-0.57,5.81,-0.48,7.88,32.53,4.01,1.48,17.36
KHC,The Kraft Heinz Company,-1.62,-1.42,2.21,0.5,32.82,15.33,1.87,
CENT,Central Garden & Pet Company,-1.16,-8.17,3.74,-4.62,32.54,11.21,1.03,16.56
TRS,TriMas Corporation,-4.8,-36.46,6.84,-50.71,21.59,21.39,0.74,1.51
FBIN,"Fortune Brands Innovations, Inc.",-2.31,-4.11,3.47,-1.15,45.58,9.12,1.83,36.49
CHH,"Choice Hotels International, Inc.",2.65,3.36,0.97,5.36,44.99,13.7,4.36,15.21
MBC,"MasterBrand, Inc.",-0.01,11.53,-4.06,3.49,25.93,2.68,0.94,
PI,"Impinj, Inc.",3.51,10.7,-10.45,15.19,52.71,16.95,13.59,
BTDR,Bitdeer Technologies Group,127.68,47.05,142.91,-9.74,0.47,-257.83,4.82,
NUTX,"Nutex Health, Inc.",6.88,-13.62,-180.21,-234.31,51.26,32.38,1.71,7.25
UPS,"United Parcel Service, Inc.",-0.33,7.6,-1.34,10.13,16.63,6.1,1.24,19.17
INFY,Infosys Limited,4.07,2.85,-0.46,-1.96,30.32,18.82,2.28,14.56
LTH,"Life Time Group Holdings, Inc.",12.69,13.73,-4.56,-0.31,69.27,-4.74,4.4,24.03
DRS,"Leonardo DRS, Inc.",10.46,10.13,-0.97,0.04,24.87,9.61,2.91,34.14
ICFI,"ICF International, Inc.",-7.89,-0.35,-7.43,6.66,35.64,10.9,1.2,18.26
BWA,BorgWarner Inc.,2.18,0.27,4.3,-0.7,19.46,8.46,1.04,32.18
CHWY,"Chewy, Inc.",5.38,4.77,-2.12,-3.51,29.72,4.58,0.77,49.25
BV,"BrightView Holdings, Inc.",1.45,1.31,4.45,5.44,21.0,-0.89,0.73,92.01
LQDT,"Liquidity Services, Inc.",5.18,8.09,-33.22,-19.96,46.56,18.38,2.3,40.41
TRIP,"Tripadvisor, Inc.",-4.37,-16.47,-7.4,-22.9,76.12,7.43,0.69,235.25
GD,General Dynamics Corporation,9.13,8.07,-2.73,-0.82,15.38,11.75,2.01,23.47
DGX,Quest Diagnostics Incorporated,9.87,10.21,-2.72,-4.97,33.15,10.55,2.83,25.33
SLGN,Silgan Holdings Inc.,8.44,6.77,2.95,-4.66,17.07,5.13,1.32,15.99
POST,"Post Holdings, Inc.",6.2,-1.83,5.4,-3.71,26.89,6.57,1.29,12.02
NTDOY,"Nintendo Co., Ltd.",54.06,-8.34,51.77,-140.41,44.5,0.0,3.56,20.83
POWL,"Powell Industries, Inc.",7.04,8.9,-7.28,9.55,30.08,21.08,5.71,37.91
CNXC,Concentrix Corporation,3.89,1.87,-7.42,0.33,32.41,5.14,0.59,
WLTH,Wealthfront Corporation,12.98,3.04,,-17.37,27.16,36.25,2.49,
SYY,Sysco Corporation,3.91,4.66,0.7,1.83,18.5,2.55,0.63,22.88
ENOV,Enovis Corporation,4.89,3.23,-9.51,-4.27,57.43,2.77,1.25,
VZ,Verizon Communications Inc.,1.38,-0.73,-0.67,-5.94,59.09,15.43,2.83,12.74
EQT,EQT Corporation,16.04,-29.24,-58.81,-216.24,68.4,40.57,4.19,11.72
ULS,UL Solutions Inc.,6.61,5.15,-0.31,-1.15,50.15,13.86,4.85,30.03
KT,KT Corporation,0.46,-8.2,-3.14,-21.66,61.7,5.84,0.75,9.75
ZWS,Zurn Elkay Water Solutions Corporation,7.67,-0.52,2.93,-8.41,44.77,21.58,4.78,29.43
CHE,Chemed Corporation,3.31,8.8,-4.24,4.95,30.44,12.47,2.82,25.53
BILI,Bilibili Inc.,9.23,6.05,-12.59,-17.58,36.82,6.58,1.05,33.18
ELV,Elevance Health Inc.,6.27,1.4,-3.95,-12.64,38.95,3.13,0.4,17.37
PAG,"Penske Automotive Group, Inc.",5.18,5.98,0.38,1.62,16.12,1.8,0.71,15.32
WING,Wingstop Inc.,7.61,6.44,-15.13,-5.52,73.13,17.83,5.92,26.8
QXO,"QXO, Inc.",408.19,70.27,-2904.94,-12977.32,19.17,1.42,1.84,
BRBR,"BellRing Brands, Inc.",5.86,4.18,-10.4,-2.05,27.3,9.56,0.98,7.14
NVMI,Nova Ltd.,16.16,15.9,-27.53,-24.35,57.12,20.24,12.72,44.9
CMG,"Chipotle Mexican Grill, Inc.",7.31,9.31,-1.27,6.27,24.13,12.63,4.01,31.72
NEU,NewMarket Corporation,-1.31,6.96,-3.58,8.61,31.49,18.18,3.44,19.84
LZB,La-Z-Boy Incorporated,0.2,-3.36,-1.98,-2.69,44.36,4.89,0.77,16.65
SFTBY,SoftBank Group Corp.,10.45,12.41,3.76,5.44,51.45,-44.83,6.38,6.05
BA,The Boeing Company,24.78,7.96,22.38,-26.92,4.68,-0.22,2.08,69.8
CNP,"CenterPoint Energy, Inc.",7.1,10.7,2.26,8.65,54.06,-28.01,5.31,23.66
DCO,Ducommun Incorporated,8.57,10.99,6.15,8.32,27.21,-2.83,3.7,
IRDM,Iridium Communications Inc.,3.1,3.84,-4.46,-4.04,70.39,32.61,7.58,54.9
BAND,Bandwidth Inc.,9.25,22.16,-5.26,18.46,37.23,8.75,460.77,690.95
HCSG,"Healthcare Services Group, Inc.",5.22,2.69,0.05,-4.87,17.33,8.12,0.75,12.81
FMS,Fresenius Medical Care AG & Co. KGaA,-0.47,1.44,-1.0,0.9,26.36,9.11,1.05,11.55
DLB,"Dolby Laboratories, Inc.",0.55,-3.34,-6.39,-12.6,87.61,25.44,4.0,26.71
OII,"Oceaneering International, Inc.",3.84,10.03,-4.3,5.64,19.82,7.77,1.85,14.61
GEHC,GE HealthCare Technologies Inc.,1.39,5.77,-0.9,2.32,42.9,4.42,2.07,21.33
IHS,IHS Holding Limited,-10.28,-1.08,-4.87,-0.6,52.29,34.53,3.36,19.77
OMAB,"Grupo Aeroportuario del Centro Norte, S.A.B. de C.V.",3.72,2.6,-2.13,-21.78,69.25,30.54,5.8,15.32
DSGR,"Distribution Solutions Group, Inc.",6.45,11.01,-7.04,-3.31,32.7,1.22,1.16,179.51
UL,Unilever PLC,-12.41,-16.02,-25.58,-21.06,99.66,13.06,1.35,10.47
WSM,"Williams-Sonoma, Inc.",1.3,4.35,-0.35,0.15,46.06,13.9,3.63,25.48
JBTM,JBT Marel Corporation,44.87,4.94,-20.11,-127.42,35.55,7.9,1.94,31.41
HSAI,Hesai Group,33.88,21.52,-2.62,-32.42,40.65,0.0,3.64,36.18
PRG,"PROG Holdings, Inc.",0.22,1.1,-4.96,-1.01,37.23,6.83,0.93,10.54
LVMUY,"LVMH Moët Hennessy - Louis Vuitton, Société Européenne",-4.32,-5.44,-38.19,-18.91,66.2,18.11,1.49,9.97
EMN,Eastman Chemical Company,-4.53,9.88,-6.11,13.1,19.88,6.08,1.47,19.2
TXNM,"TXNM Energy, Inc.",9.97,9.18,-0.26,6.25,39.56,-22.47,3.19,32.48
AGRO,Adecoagro S.A.,6.22,38.98,-11.2,46.11,29.97,2.89,5.0,126.16
OGN,Organon & Co.,-2.45,-2.26,-1.43,-1.45,52.98,8.13,1.8,17.26
CVCO,"Cavco Industries, Inc.",9.69,9.54,-6.91,-7.06,23.15,10.21,1.87,24.94
AMX,"América Móvil, S.A.B. de C.V.",1.88,3.61,-13.54,-10.14,48.48,14.68,1.93,13.36
H,Hyatt Hotels Corporation,50.32,1.16,31.72,-108.83,20.36,5.47,3.38,218.11
VSTS,Vestis Corporation,-0.39,-1.8,4.2,1.7,25.02,5.06,1.11,
OSW,OneSpaWorld Holdings Ltd,9.82,8.52,1.31,1.48,14.29,7.75,2.68,32.74
MMM,3M Company,2.35,2.46,2.11,1.04,39.4,15.83,4.07,31.13
HRL,Hormel Foods Corporation,2.47,2.55,3.48,2.15,15.72,5.67,1.25,28.52
MATX,"Matson, Inc.",-0.16,16.72,-8.92,18.72,23.02,3.58,2.09,14.33
BWLP,BW LPG Limited,5.05,-7.13,-5.16,3.07,19.4,12.34,1.16,9.83
WRBY,Warby Parker Inc.,10.99,9.81,-3.1,-4.14,54.68,2.39,3.67,437.16
CME,CME Group Inc.,5.1,0.84,-6.05,-9.57,81.89,62.2,14.61,22.89
IART,Integra LifeSciences Holdings Corporation,1.6,0.76,-1.93,1.37,53.74,2.35,1.87,
ORA,"Ormat Technologies, Inc.",31.13,10.57,28.9,0.69,27.93,-22.28,8.14,53.53
KGS,"Kodiak Gas Services, Inc.",8.23,21.15,-22.78,16.89,40.09,0.36,4.42,77.2
BFAM,Bright Horizons Family Solutions Inc.,8.46,6.51,-0.78,-2.67,23.33,7.72,1.9,22.02
CNK,"Cinemark Holdings, Inc.",4.54,15.51,-9.26,-12.59,29.98,9.31,1.71,20.11
MDU,"MDU Resources Group, Inc.",-1.13,6.84,38.54,4.89,42.42,-19.17,3.73,21.79
AMR,"Alpha Metallurgical Resources, Inc.",-12.92,-10.43,16.71,21.12,3.24,-0.07,1.01,
INVX,"Innovex International, Inc.",15.03,9.21,-48.4,-62.87,27.69,12.45,1.87,32.69
SLVM,Sylvamo Corp,-7.13,1.51,-3.1,16.41,20.38,3.0,0.7,19.1
MDLZ,"Mondelez International, Inc.",6.93,4.13,3.79,-3.55,31.15,7.78,2.59,23.45
CBRS,Cerebras Systems Inc.,90.83,74.32,-55.04,22.82,34.83,-43.54,58.55,
TTWO,"Take-Two Interactive Software, Inc.",15.3,2.0,7.97,-10.37,56.04,4.88,6.84,
UFPI,"UFP Industries, Inc.",-4.72,2.59,0.37,6.09,16.13,4.25,0.74,20.36
UCTT,"Ultra Clean Holdings, Inc.",2.53,24.31,-11.75,23.78,15.83,-5.15,1.73,
CLH,"Clean Harbors, Inc.",5.07,11.95,-0.42,12.13,26.63,3.12,3.18,39.52
SYM,Symbotic Inc.,20.64,21.74,-15.11,-4.15,21.6,27.87,9.34,2096.03
TEVA,Teva Pharmaceutical Industries Limited,4.13,-0.81,2.06,-1.1,52.47,7.79,3.26,61.2
GFL,GFL Environmental Inc.,2.92,16.32,8.23,10.41,19.99,2.76,4.27,
HOG,"Harley-Davidson, Inc.",-8.09,-15.59,16.72,3.67,23.89,-3.24,0.81,14.38
EOSE,"Eos Energy Enterprises, Inc.",533.87,351.4,405.38,-1245.26,-84.75,-196.39,6.04,
RVTY,"Revvity, Inc.",4.05,1.31,0.72,-2.83,52.11,19.21,5.56,58.34
BIO,"Bio-Rad Laboratories, Inc.",1.37,-0.09,1.7,-2.15,51.9,13.64,3.76,45.67
AWI,"Armstrong World Industries, Inc.",8.57,11.16,-7.02,-5.13,40.3,15.07,4.73,23.83
CDLR,Cadeler A/S,129.73,90.5,-41.6,-152.96,57.31,-68.39,4.96,7.36
NPK,"National Presto Industries, Inc.",20.88,21.71,-10.39,-19.9,16.47,4.85,1.98,25.4
STNE,StoneCo Ltd.,-15.65,-79.1,-30.26,-96.65,64.7,36.26,1.77,3.51
PRCT,PROCEPT BioRobotics Corporation,22.69,19.34,-33.02,-29.07,63.74,-37.34,3.19,
PFE,Pfizer Inc.,-0.21,2.6,-13.75,-7.71,71.32,17.25,3.32,36.87
URI,"United Rentals, Inc.",6.88,11.84,0.11,7.34,37.07,3.75,4.99,26.03
GNRC,Generac Holdings Inc.,0.61,10.59,-9.08,4.28,39.54,8.54,3.01,46.89
YMM,Full Truck Alliance Co. Ltd.,5.16,4.1,-19.98,-13.07,65.86,11.7,2.84,14.22
NFG,National Fuel Gas Company,14.68,1.07,2.23,-26.34,49.0,8.88,4.12,11.8
MWA,"Mueller Water Products, Inc.",5.88,4.1,-4.31,-2.51,37.86,12.14,2.63,17.72
GLOB,Globant S.A.,-1.26,0.04,-9.92,-4.51,32.26,12.99,0.83,14.92
DOLE,Dole plc,8.32,2.92,3.57,-11.4,7.39,0.84,0.26,21.38
NSRGY,Nestlé S.A.,-3.88,-2.64,-10.25,-1.88,46.07,12.07,1.45,11.48
SFM,"Sprouts Farmers Market, Inc.",7.2,4.74,-9.62,-12.54,37.37,3.94,1.01,14.29
GIB,CGI Inc.,5.67,2.51,-1.46,-8.87,20.53,14.37,1.56,12.67
QGEN,Qiagen N.V.,2.96,0.28,-2.19,-7.21,61.82,21.32,4.82,22.64
PRMB,Primo Brands Corporation,28.37,3.82,-2.74,-27.81,29.37,5.61,2.04,84.24
AVNT,Avient Corporation,2.36,5.83,-0.92,3.85,32.15,1.64,1.65,23.54
GRC,The Gorman-Rupp Company,4.18,3.92,1.58,-1.7,30.56,15.44,3.25,32.82
PSKY,Paramount Skydance Corporation Class B Common Stock,2.35,0.93,,0.41,28.75,1.49,0.84,
TWST,Twist Bioscience Corporation,19.19,23.24,-3.53,5.32,51.97,-21.57,20.03,
NVO,Novo Nordisk A/S,5.61,2.12,-15.3,-10.8,80.65,14.85,4.29,11.33
APD,"Air Products and Chemicals, Inc.",4.51,4.58,4.89,3.32,32.06,16.33,6.76,
CCL,Carnival Corporation & plc,5.16,5.29,-5.66,-4.17,34.43,11.72,2.17,11.49
ACI,"Albertsons Companies, Inc.",2.75,0.24,0.79,-2.29,26.53,0.84,0.26,88.75
ENR,"Energizer Holdings, Inc.",2.17,1.21,1.02,-2.19,36.81,5.04,1.56,17.2
RYAAY,Ryanair Holdings plc,6.63,1.07,0.91,-18.55,22.85,10.93,1.39,12.92
REYN,Reynolds Consumer Products Inc.,2.71,0.64,3.2,-0.22,25.12,8.45,1.85,15.72
MSEX,Middlesex Water Company,5.26,14.26,-6.65,13.9,43.64,7.29,7.54,23.3
PFGC,Performance Food Group Co,7.17,6.43,-1.44,-5.08,11.93,1.52,0.36,45.82
FND,"Floor & Decor Holdings, Inc.",2.42,2.97,-2.45,-4.17,44.86,4.49,1.61,25.45
MANU,Manchester United plc,5.82,21.25,12.78,8.07,24.95,-25.54,5.46,
HOCFF,Hochtief AG,8.1,13.48,-17.85,-6.26,12.55,4.69,0.83,36.06
KMB,Kimberly-Clark Corporation,-8.35,0.62,-1.13,2.23,36.69,15.46,2.53,18.55
EEFT,"Euronet Worldwide, Inc.",5.76,3.17,-2.95,-5.76,33.76,2.17,0.97,9.2
KMTS,"Kestra Medical Technologies, Ltd.",59.03,66.18,,-5.22,51.37,-122.57,15.37,
WCN,"Waste Connections, Inc.",6.13,6.42,-3.52,-0.65,39.22,18.54,5.31,39.92
USFD,US Foods Holding Corp.,3.83,4.46,-1.49,0.62,17.55,2.36,0.72,32.83
CHTR,"Charter Communications, Inc.",-1.5,-1.74,-2.53,-2.34,56.57,8.01,2.13,4.04
VC,Visteon Corporation,-1.13,-0.93,2.14,3.51,12.81,4.23,0.68,18.47
ICHR,"Ichor Holdings, Ltd.",9.1,22.68,-6.35,4.45,10.14,-2.53,1.93,
LGIH,"LGI Homes, Inc.",-16.52,6.74,-8.63,26.49,19.39,7.68,1.67,20.01
AER,AerCap Holdings N.V.,3.96,10.1,1.15,13.75,59.86,-3.7,7.75,6.87
ENVA,"Enova International, Inc.",2.79,-35.38,-20.62,-56.96,73.95,64.86,3.62,16.83
TNC,Tennant Company,-2.91,1.69,-2.53,5.44,38.77,-0.24,1.22,63.85
SMERY,Siemens Energy AG,9.44,17.47,-6.04,6.69,20.76,19.02,15.26,240.48
AMBA,"Ambarella, Inc.",28.12,16.87,-16.42,-40.77,58.28,6.47,7.27,
CRSR,"Corsair Gaming, Inc.",3.11,-1.8,1.03,-24.31,31.55,6.18,0.76,33.64
CW,Curtiss-Wright Corporation,10.54,5.41,0.65,-6.28,37.73,17.11,6.73,44.2
R,"Ryder System, Inc.",1.01,5.02,-2.08,5.46,18.95,5.35,1.38,19.22
RSG,"Republic Services, Inc.",3.2,4.6,-1.93,-0.02,39.09,20.15,4.85,31.01
WLK,Westlake Corporation,-3.95,10.77,-0.95,18.69,4.72,-2.35,1.25,
VNT,Vontier Corporation,0.88,-2.17,-0.27,-13.24,46.62,10.84,2.06,13.41
NSP,"Insperity, Inc.",2.64,1.69,0.25,-1.61,12.81,4.0,0.27,
MMYT,MakeMyTrip Limited,6.86,6.22,-11.27,0.59,69.23,8.89,6.35,169.53
PENN,"PENN Entertainment, Inc.",6.14,5.24,-1.19,-0.9,24.13,1.21,1.17,
WSO,"Watsco, Inc.",-2.98,2.06,-3.97,5.65,27.87,9.58,1.79,27.24
SMG,The Scotts Miracle-Gro Company,-1.95,-1.34,0.1,-0.16,32.27,9.68,1.67,47.92
LRN,"Stride, Inc.",4.69,-2.69,-13.22,-25.05,37.75,14.1,1.23,10.39
RRR,"Red Rock Resorts, Inc.",0.86,-3.04,-6.61,-11.24,56.75,26.83,3.52,21.05
DORM,"Dorman Products, Inc.",3.3,0.67,-3.46,-6.88,42.07,9.94,2.0,17.89
HESM,Hess Midstream LP,2.76,-3.51,-5.97,-16.92,80.77,43.12,7.35,21.78
LKQ,LKQ Corporation,-2.55,-6.43,0.47,-4.57,37.66,4.57,0.84,14.09
HWKN,"Hawkins, Inc.",9.32,7.64,-0.2,-6.97,22.3,8.29,2.51,31.32
BJRI,"BJ's Restaurants, Inc.",3.54,6.37,-0.53,1.89,15.53,3.11,1.23,32.78
NCLH,Norwegian Cruise Line Holdings Ltd.,6.21,4.89,0.98,-1.22,42.46,-11.34,2.21,10.05
FLR,Fluor Corporation,-4.77,8.82,-8.39,14.71,-0.8,-2.12,0.35,
CSAN,Cosan S.A.,-7.41,5.18,-15.21,7.2,34.48,4.42,1.36,
TXRH,"Texas Roadhouse, Inc.",9.89,11.11,-4.7,-1.63,15.3,6.52,2.27,32.02
GIS,"General Mills, Inc.",-5.45,1.17,-3.58,4.52,33.44,8.83,1.87,
NHC,National HealthCare Corporation,6.92,8.83,-16.89,-19.91,39.49,9.4,2.23,26.45
HD,"The Home Depot, Inc.",2.5,5.71,-6.03,0.84,33.21,8.93,2.31,23.55
LCII,LCI Industries,4.05,-12.52,2.69,-17.51,25.65,7.12,0.86,12.06
GO,Grocery Outlet Holding Corp.,5.12,1.1,-3.34,-3.44,29.99,-0.34,0.61,
THO,"Thor Industries, Inc.",2.39,-3.92,8.8,-7.25,12.34,2.03,0.48,15.67
GFS,GLOBALFOUNDRIES Inc.,1.4,5.81,2.06,2.37,27.43,11.47,3.68,36.61
DKNG,DraftKings Inc.,15.03,-4.58,-10.77,-41.53,40.54,9.9,2.13,
CHA,Chagee Holdings Limited American Depositary Shares,-1.74,4.52,-99.25,-30.83,43.99,6.7,0.53,14.28
GIII,"G-III Apparel Group, Ltd.",-7.78,-8.16,-9.49,-3.88,42.72,5.77,0.45,11.08
DUK,Duke Energy Corporation,6.73,1.12,2.67,-3.57,68.19,4.62,5.59,18.3
CI,Cigna Corporation,7.75,6.6,-12.5,-4.48,11.66,3.23,0.35,11.38
AGL,"Agilon Health, Inc.",0.32,7.15,-16.78,13.07,0.0,-1.9,0.25,
TSCO,Tractor Supply Company,3.98,2.29,1.02,-2.26,32.47,1.95,1.56,18.08
VMC,Vulcan Materials Company,6.75,2.54,6.56,-1.83,27.43,12.67,4.94,31.54
DXC,DXC Technology Company,-2.42,-5.06,-1.31,-2.69,13.71,10.03,0.32,14.07
PTEN,"Patterson-UTI Energy, Inc.",-6.92,0.71,1.06,10.27,14.2,3.8,1.21,
CPNG,"Coupang, Inc.",9.92,3.89,-8.78,-12.51,28.35,0.3,0.81,
XYL,Xylem Inc.,4.55,1.52,0.59,-4.56,39.24,10.52,3.12,26.4
STZ,"Constellation Brands, Inc.",-9.98,-3.26,-9.51,2.26,52.62,20.25,3.69,12.59
NATL,NCR Atleos Corporation,3.49,-0.09,4.07,-2.31,25.35,2.44,1.35,17.58
APC,ARKO Petroleum Corp. Class A Common Stock,-39.85,27.42,-28.2,88.39,2.83,0.29,1.73,634.03
BAH,Booz Allen Hamilton Holding Corporation,-7.27,-4.24,-16.52,-3.64,44.68,10.06,1.16,11.82
LUMN,"Lumen Technologies, Inc.",-7.74,-9.28,-1.23,-3.9,47.79,7.07,1.5,
CRWV,"CoreWeave, Inc. Class A Common Stock",115.26,112.32,,-94.43,67.42,-179.91,12.42,
AVTR,"Avantor, Inc.",-1.57,0.53,0.77,1.67,31.83,6.93,2.0,
SR,Spire Inc.,4.12,-0.4,10.77,-2.29,32.7,-8.0,1.95,9.03
ODC,Oil-Dri Corporation of America,3.31,9.37,-6.61,1.21,26.68,9.51,2.62,23.51
WEN,The Wendy's Company,-0.98,1.72,-2.28,3.44,27.23,11.99,2.44,13.14
BIPC,Brookfield Infrastructure Corporation,2.2,8.55,-8.13,13.14,62.44,-5.75,4.58,
GPK,Graphic Packaging Holding Company,0.02,-0.73,5.07,0.75,15.46,2.19,1.04,17.62
ESLT,Elbit Systems Ltd.,13.7,15.94,-5.46,-5.37,25.03,8.11,4.06,54.71
PCG,PG&E Corporation,5.66,0.07,6.96,1.54,56.21,-16.5,4.36,15.41
LH,Labcorp Holdings Inc.,6.41,5.78,-1.57,-3.74,27.85,8.05,2.39,27.6
PACS,"PACS Group, Inc.",15.15,9.07,-20.3,-24.27,19.68,8.21,1.81,25.84
ECHO,EchoStar Corporation,-5.17,-3.99,39.22,1.77,29.54,-1.85,2.09,
UNF,UniFirst Corporation,1.42,3.87,-2.75,2.62,36.68,3.49,2.09,45.65
WHR,Whirlpool Corporation,-3.89,-6.81,12.16,-1.42,13.51,-1.08,0.63,13.97
USLM,"United States Lime & Minerals, Inc.",7.0,8.31,-14.97,-11.25,48.46,24.36,8.23,26.05
KOF,"Coca-Cola FEMSA, S.A.B. de C.V.",-22.61,4.63,-33.68,-0.36,46.37,9.8,2.0,23.75
ITRI,"Itron, Inc.",-5.69,-7.23,-9.6,-6.85,39.87,16.64,1.62,15.84
HROW,"Harrow Health, Inc.",21.05,10.85,-26.64,-19.39,73.28,2.06,6.47,
GM,General Motors Company,-1.11,1.92,-6.44,3.68,5.74,8.89,0.97,40.45
WTTR,"Select Water Solutions, Inc.",-1.95,8.67,0.51,8.92,19.03,-5.73,1.72,68.92
NBR,Nabors Industries Ltd.,6.12,-1.9,2.63,-15.24,25.11,1.23,0.92,6.39
SCI,Service Corporation International,2.89,3.55,0.24,0.51,26.03,16.17,3.78,18.27
UNH,UnitedHealth Group Incorporated,6.46,0.37,-3.24,-12.54,22.49,5.25,0.87,24.9
WMB,"The Williams Companies, Inc.",8.83,10.22,1.52,-8.36,73.59,-1.75,9.68,28.5
SNA,Snap-on Incorporated,0.06,-3.59,-5.18,-3.68,51.21,20.64,3.92,19.6
SLAB,Silicon Laboratories Inc.,21.71,18.33,-7.95,-14.33,59.9,-0.63,7.95,
PNW,Pinnacle West Capital Corporation,5.69,7.14,-1.78,3.34,55.5,-15.82,4.2,18.74
TEM,"Tempus AI, Inc.",50.43,21.56,-9.42,-68.01,63.98,-19.06,8.74,
AMSC,American Superconductor Corporation,25.89,30.01,-37.84,-49.58,28.18,6.4,4.09,10.64
BCE,BCE Inc.,1.59,1.54,2.24,0.21,25.38,10.71,2.89,4.85
CNR,"Core Natural Resources, Inc.",31.83,3.51,-14.58,-121.14,2.27,6.08,1.1,47.09
VET,Vermilion Energy Inc.,-10.48,9.91,-13.54,-13.96,30.48,18.13,2.13,
DLTR,"Dollar Tree, Inc.",-19.68,7.24,-9.25,-4.05,36.71,7.89,1.6,19.38
SFD,"Smithfield Foods, Inc.",4.25,-2.27,1.12,-13.23,13.38,5.18,0.64,8.33
CWST,"Casella Waste Systems, Inc.",13.59,16.85,-6.76,-6.53,25.36,5.4,3.68,1014.17
SOBO,South Bow Corporation,-23.01,4.2,-15.97,9.59,39.72,41.44,7.88,18.29
AROC,"Archrock, Inc.",11.54,-3.11,-16.69,-44.74,58.13,19.36,5.34,17.28
SXI,Standex International Corporation,12.85,2.79,3.2,-20.43,41.73,5.63,4.64,35.95
FISV,"Fiserv, Inc.",-1.17,-4.06,-7.9,-12.07,47.22,18.82,2.62,9.81
SWKS,"Skyworks Solutions, Inc.",0.06,-3.13,8.3,-9.7,40.73,4.89,2.57,35.94
NOV,NOV Inc.,-1.72,-2.47,-0.49,-1.2,20.53,6.51,0.97,75.32
LPL,"LG Display Co., Ltd.",-3.37,2.53,-12.33,19.24,13.38,-1.96,0.66,
EXC,Exelon Corporation,6.56,9.95,2.1,8.72,24.54,-7.57,3.86,16.78
MCK,McKesson Corporation,8.84,7.72,-11.51,-15.67,3.64,1.5,0.26,21.65
TU,Telus Corp,-0.27,-2.21,-2.84,-4.88,46.98,9.94,2.53,
DMC,Del Monte Corporation,-0.13,3.1,-1.42,-0.71,9.23,2.44,0.47,43.62
BRKR,Bruker Corporation,1.65,5.15,-8.71,5.57,46.69,2.68,3.13,
NOMD,Nomad Foods Limited,-2.67,-1.5,-2.96,-0.68,26.92,6.85,1.15,11.19
HIMX,"Himax Technologies, Inc.",-7.13,5.85,-4.52,16.21,31.08,3.28,2.54,67.16
NVS,Novartis AG,0.81,-2.82,-12.13,-18.08,74.44,28.43,6.12,23.46
ATI,ATI Inc.,4.58,10.58,-2.06,6.47,23.35,11.16,6.38,60.27
RH,Rh,4.84,-1.67,-3.47,-13.64,43.54,6.45,1.98,29.07
NMAX,"Newsmax, Inc.",12.41,16.53,-3.69,-1.86,39.02,-25.39,4.29,
FWONA,Formula One Group,12.23,-30.35,7.52,-66.08,32.82,18.11,6.27,51.55
ABG,"Asbury Automotive Group, Inc.",4.12,0.26,-4.28,-2.73,17.11,2.76,0.53,7.8
PCAR,PACCAR Inc,-12.3,0.48,-0.4,14.86,14.86,11.49,2.72,27.24
QSR,Restaurant Brands International Inc.,6.51,4.56,-15.29,-11.3,44.85,16.23,4.33,21.56
ASR,"Grupo Aeroportuario del Sureste, S. A. B. de C. V.",12.86,10.44,-8.4,-7.43,50.24,-3.19,4.03,13.17
COR,"Cencora, Inc.",5.09,5.07,-6.47,-3.58,3.71,1.22,0.21,23.54
CNC,Centene Corp.,8.72,-8.96,-4.24,-31.32,16.13,4.63,0.11,
TR,"Tootsie Roll Industries, Inc.",1.65,-0.56,5.4,-3.45,34.89,10.91,4.09,32.81
PRGO,Perrigo Company plc,-4.19,-3.17,-1.88,-2.31,33.26,4.22,1.16,
UTZ,"Utz Brands, Inc.",1.95,1.39,2.04,-1.56,20.12,3.52,1.53,
BKR,Baker Hughes Company,0.42,-2.43,-1.71,0.78,23.57,11.28,2.23,20.23
WGS,GeneDx Holdings Corp.,25.42,11.44,-23.28,-34.19,68.2,-16.68,5.47,
FERG,Ferguson plc,3.66,2.99,-0.15,-3.95,30.55,1.06,1.66,22.98
TSN,"Tyson Foods, Inc.",2.86,-0.12,0.87,-4.09,6.16,2.08,0.5,36.27
QCOM,QUALCOMM Incorporated,1.88,-4.03,-13.94,-14.38,54.23,23.64,4.06,18.56
NBIS,Nebius Group N.V.,460.89,454.04,-127.79,-315.68,58.62,-434.2,39.72,840.99
CALY,Callaway Golf Company,-37.17,-44.87,-34.82,-40.79,52.82,11.07,1.09,32.69
OPCH,"Option Care Health, Inc.",5.95,1.86,-11.12,-13.53,18.17,6.09,0.81,16.78
MLM,"Martin Marietta Materials, Inc.",0.07,7.51,-0.93,4.85,28.23,12.11,5.62,12.91
XPEV,XPeng Inc.,46.74,-18.06,-4.3,-159.52,19.87,0.0,1.09,
NEOG,Neogen Corporation,-2.71,-0.07,0.48,4.72,46.93,3.67,3.69,
SARO,"StandardAero, Inc.",12.56,4.63,-3.53,-8.86,14.66,3.45,1.73,26.4
GRDN,"Guardian Pharmacy Services, Inc.",10.31,2.16,-8.21,-12.6,21.63,5.45,1.6,36.24
LEG,"Leggett & Platt, Incorporated",-8.17,-5.56,-2.05,0.71,18.7,4.03,0.61,5.89
CMP,"Compass Minerals International, Inc.",5.46,0.33,-1.81,-5.44,17.22,6.03,1.34,57.35
CPRT,"Copart, Inc.",1.05,2.09,-9.17,-5.4,45.53,28.87,5.98,20.49
MOS,The Mosaic Company,5.55,-6.04,13.26,-12.76,11.55,-7.97,1.09,171.35
SBUX,Starbucks Corporation,4.48,-1.41,3.89,-5.16,31.75,9.5,3.56,59.4
VNET,"VNET Group, Inc.",18.66,13.83,1.41,-8.26,20.49,-68.7,3.37,
CTVA,"Corteva, Inc.",3.7,-1.19,2.06,-6.82,48.45,3.53,3.15,53.21
SUZ,Suzano S.A.,-5.87,-10.85,-33.25,-26.53,5880.26,10.38,2.59,0.03
UGI,UGI Corporation,-0.49,-4.52,0.05,-5.53,46.72,2.56,1.97,12.14
AMRC,"Ameresco, Inc.",8.89,9.14,-13.96,1.31,16.13,-26.0,1.52,42.06
VSAT,"Viasat, Inc.",1.35,-1.24,2.78,-5.2,30.41,12.5,3.33,
GRFS,"Grifols, S.A.",-0.21,-0.91,-9.53,-4.93,37.23,9.68,1.87,13.0
POWI,"Power Integrations, Inc.",1.56,2.66,-5.6,-6.43,53.64,17.59,6.18,121.34
OGE,OGE Energy Corp.,0.63,-4.0,-15.38,-15.93,53.61,37.38,4.81,20.62
AGM,Federal Agricultural Mortgage,-12.59,11.19,-15.76,11.51,30.22,22.11,11.87,10.56
SAIC,Science Applications International Corporation,-2.9,1.55,-6.29,-0.08,12.51,8.27,1.08,13.14
SOLV,Solventum Corporation,-0.93,2.22,-3.14,-1.62,54.69,-1.42,2.45,10.77
SKY,"Champion Homes, Inc.",4.52,1.27,-12.35,-10.44,25.96,9.95,1.61,25.98
PSN,Parsons Corporation,-5.84,-0.53,-15.06,4.62,21.5,4.9,0.99,30.76
ICUI,"ICU Medical, Inc.",-8.98,0.51,-11.94,8.49,37.56,7.08,2.6,154.45
KMX,"CarMax, Inc.",-1.64,6.19,-4.81,0.1,10.24,3.77,1.03,39.19
MIDD,The Middleby Corporation,-7.22,-10.46,-5.51,-9.08,38.04,13.91,1.94,
GRAL,GRAIL Inc.,23.07,25.72,0.7,14.54,-10.83,-178.66,16.0,
PATK,"Patrick Industries, Inc.",3.2,-0.56,-2.89,-3.6,23.06,3.25,1.12,19.0
OPK,"OPKO Health, Inc.",-11.47,4.32,-4.16,18.25,30.98,-22.8,2.01,
EIX,Edison International,10.74,-4.09,6.48,-8.87,39.87,-2.0,3.72,7.54
UHAL,U-Haul Holding Company,3.02,3.16,-1.89,-2.13,49.72,0.1,3.09,305.81
NGVT,Ingevity Corporation,-12.42,-13.97,2.02,-7.44,41.12,13.35,3.05,44.49
FIZZ,National Beverage Corp.,-1.73,-5.26,-2.54,-10.75,37.04,13.22,2.35,16.66
PPLI,People Incorporated,-24.86,-25.59,-6.21,-18.11,65.68,3.94,1.48,8.26
CMS,CMS Energy Corporation,9.93,-0.49,1.68,-14.86,69.67,-21.67,4.66,21.47
LEU,Centrus Energy Corp.,8.47,13.98,-4.25,32.23,23.27,-46.87,5.51,68.05
ACHC,"Acadia Healthcare Company, Inc.",4.27,-0.39,-1.36,-9.58,35.56,-0.56,1.46,
CBRL,Cracker Barrel Old Country Store,-4.92,-2.9,-7.76,-3.39,34.14,1.77,0.69,47.33
GGB,Gerdau S.A.,0.64,1.97,-6.32,-3.51,13.1,5.07,0.78,19.97
WH,"Wyndham Hotels & Resorts, Inc.",-2.07,-5.54,-5.95,-13.72,64.17,22.78,5.77,26.8
MAR,"Marriott International, Inc.",4.72,4.85,-0.4,0.11,20.16,11.64,4.1,35.92
BIDU,"Baidu, Inc.",-4.23,-4.51,-2.75,-0.92,40.87,-7.84,1.23,
GSAT,"Globalstar, Inc.",7.66,-3.54,-7.19,-14.74,49.17,64.77,37.78,
LII,Lennox International Inc.,-2.11,2.96,-10.03,-0.47,33.1,13.93,3.04,18.24
EPC,Edgewell Personal Care Company,-7.0,-9.1,-4.08,-5.92,40.87,2.56,1.07,
CSIQ,Canadian Solar Inc.,-6.56,-9.92,12.5,0.04,21.12,-25.72,1.35,
IDEXY,"Industria de Diseño Textil, S.A.",3.5,5.32,-2.72,3.8,46.6,0.0,4.35,28.54
FWONK,Liberty Media Corporation,12.23,-30.35,7.52,-66.08,26.48,18.11,6.76,112.44
RUM,Rumble Inc.,13.05,60.92,-19.4,49.28,21.18,-130.86,33.4,
GT,The Goodyear Tire & Rubber Company,-4.31,-4.82,0.22,-2.52,18.34,1.09,0.49,
TNDM,"Tandem Diabetes Care, Inc.",-7.1,5.77,-47.94,-2.69,56.01,-2.56,1.77,
MRCY,"Mercury Systems, Inc.",7.85,6.11,4.51,-3.77,27.61,6.6,6.0,
MRTN,"Marten Transport, Ltd.",-6.87,-2.77,4.9,3.85,1.21,0.15,1.28,95.11
EAT,"Brinker International, Inc.",7.86,5.06,-14.09,-15.94,18.65,9.6,1.96,20.31
HP,"Helmerich & Payne, Inc.",16.57,-0.58,-9.35,-49.77,10.49,7.89,1.51,
DQ,Daqo New Energy Corp.,-22.87,-78.44,40.44,-8.32,-34.45,-35.75,-1.6,
BABA,Alibaba Group Holding Limited,2.74,2.93,-3.12,-3.64,39.81,-4.93,1.93,19.99
BLDR,"Builders FirstSource, Inc.",-9.38,-8.77,-2.99,-3.79,29.19,4.42,0.88,73.83
MOH,"Molina Healthcare, Inc.",2.55,-4.84,-13.5,-20.5,34.56,0.61,0.12,
SGLOF,Food & Life Companies Ltd.,-11394.22,23.71,-11412.89,0.41,57.4,-0.11,,38.27
RUSHA,"Rush Enterprises, Inc.",-5.86,-1.61,-3.06,3.14,18.98,1.73,1.0,22.74
MGEE,"MGE Energy, Inc.",7.07,1.09,-1.4,-8.34,85.41,-21.36,5.11,20.33
RNW,ReNew Energy Global Plc,22.51,14.99,-14.13,-55.97,61.88,-39.61,6.89,21.08
GXO,"GXO Logistics, Inc.",7.55,4.3,-14.83,-11.61,13.53,1.32,0.78,39.99
CTOS,"Custom Truck One Source, Inc.",7.03,10.16,0.81,-10.75,20.17,-5.37,2.27,103.22
MGRC,McGrath RentCorp,-0.92,-6.16,-9.7,-16.98,46.87,22.46,3.7,18.76
FLNC,"Fluence Energy, Inc.",7.46,7.85,-6.8,-16.81,9.18,-5.01,0.81,
PNR,Pentair plc,-2.15,-16.96,-1.9,-19.13,41.35,16.78,2.98,15.78
SGHC,Super Group (SGHC) Limited,14.21,0.33,-23.61,-64.04,29.49,10.41,2.6,18.25
MMS,"Maximus, Inc.",-3.32,-5.15,-6.72,-7.69,24.38,8.25,0.9,8.23
OLED,Universal Display Corporation,-8.32,-11.43,-14.55,-19.81,75.33,28.01,5.8,20.3
UPST,"Upstart Holdings, Inc.",30.6,-2.93,-24.49,-93.49,74.44,-25.68,3.74,45.58
OTTR,Otter Tail Corporation,0.27,0.4,3.96,3.12,39.98,-6.03,3.61,19.93
WM,"Waste Management, Inc.",7.17,3.95,-7.01,-15.08,35.04,13.92,4.39,31.53
VEOEY,Veolia Environnement S.A.,-0.85,2.23,-45.6,-7.41,17.68,7.1,0.62,10.87
CERT,"Certara, Inc.",0.66,-10.81,-10.94,-22.87,58.33,15.09,3.6,
FTS,Fortis Inc.,4.03,4.12,-0.2,-1.31,72.42,-15.99,6.11,22.01
TNET,"TriNet Group, Inc.",-4.1,-4.85,-6.13,-4.44,19.1,7.04,0.77,18.08
CMRE,Costamare Inc.,-52.04,-4.81,-62.21,-1.58,57.41,14.6,3.53,5.44
FTAI,FTAI Aviation Ltd.,44.73,40.94,-10.06,-10.22,30.39,-40.19,7.5,40.74
TDW,Tidewater Inc.,-1.02,0.25,-8.79,-0.4,28.61,19.16,3.55,19.22
SFL,SFL Corporation Ltd,-16.61,-5.84,-22.61,12.45,34.3,26.49,5.69,52.85
HLIT,Harmonic Inc.,-28.05,-3.31,-52.19,-2.79,50.71,10.87,2.51,
WEC,"WEC Energy Group, Inc.",8.93,2.62,1.05,-10.79,62.0,-13.81,5.75,20.9
FLS,Flowserve Corporation,-0.26,-1.59,-3.41,-4.29,35.09,8.88,2.5,26.91
ETR,Entergy Corporation,9.55,5.85,7.57,-6.85,38.9,-23.35,6.01,27.66
NNI,"Nelnet, Inc.",-4.62,-45.55,-8.12,-80.3,82.73,19.6,5.39,14.99
VICR,Vicor Corporation,11.7,1.63,-2.92,-62.65,56.63,10.82,18.38,63.05
MDA,MDA Space Ltd,38.72,28.02,-13.29,-27.04,18.81,-8.0,3.77,66.84
CBZ,"CBIZ, Inc.",14.32,-0.19,-32.18,-62.92,12.21,10.34,1.75,22.53
BABAF,Alibaba Group Holding Limited,2.09,1.94,-3.77,-4.63,39.49,-5.1,1.86,19.12
PPC,Pilgrim's Pride Corporation,1.42,-2.76,-0.64,-7.1,9.62,1.65,0.55,13.66
AEHR,Aehr Test Systems,-13.65,40.19,-2.7,55.31,34.67,-10.56,65.22,
SGRY,"Surgery Partners, Inc.",3.99,2.75,-8.05,-5.66,21.37,5.57,1.66,
CNM,"Core & Main, Inc.",0.46,-0.05,-10.34,-9.82,27.06,7.95,1.39,18.61
UFPT,"UFP Technologies, Inc.",7.32,15.07,-33.66,-22.14,28.5,9.72,4.0,33.17
MTN,"Vail Resorts, Inc.",-4.29,-6.98,-6.68,-7.93,55.55,8.39,2.92,30.29
JJSF,J&J Snack Foods Corp.,-4.69,-6.24,-5.18,-9.5,31.07,6.03,1.19,34.17
SDGR,"Schrödinger, Inc.",8.88,7.54,-9.71,-8.14,56.87,-12.53,4.5,
LAD,"Lithia Motors, Inc.",2.1,2.17,-8.01,-1.63,11.03,-1.33,0.64,11.44
EXP,Eagle Materials Inc.,1.68,2.56,0.8,-1.71,27.02,7.33,3.36,15.53
NIQ,NIQ Global Intelligence Plc,-5.32,-7.8,-13.66,-31.25,51.9,9.0,2.0,
STVN,Stevanato Group S.p.A.,6.72,7.84,1.43,-0.04,29.16,-2.1,4.54,38.69
CPB,Campbell Soup Company,-2.9,-4.4,-11.55,-8.88,28.85,9.05,1.37,11.58
CARR,Carrier Global Corporation,-1.58,3.89,-6.59,0.88,24.34,8.6,2.76,40.89
IP,International Paper Company,10.34,-11.28,-7.79,-54.22,27.75,2.03,1.26,
EVRG,"Evergy, Inc.",4.06,5.13,0.78,6.82,40.06,-23.17,5.89,20.83
MPNGY,Meituan,4.61,4.54,-15.8,-13.58,28.32,-12.05,1.0,
ANDE,"The Andersons, Inc.",-5.2,-1.22,1.46,-13.41,7.87,0.52,0.29,13.25
TOL,"Toll Brothers, Inc.",-1.08,-9.72,-4.34,-17.68,24.5,11.3,1.61,11.31
AN,"AutoNation, Inc.",-0.06,-0.64,-3.2,-8.26,17.83,0.04,0.65,8.65
COIN,"Coinbase Global, Inc.",-21.04,-18.51,-69.67,-21.79,79.01,48.08,7.85,
RCL,Royal Caribbean Cruises Ltd.,8.72,6.48,-3.38,-3.94,46.64,-2.23,5.4,17.76
SSL,Sasol Limited,-12.54,-14.45,-52.21,-28.11,36.07,5.51,0.42,
CPK,Chesapeake Utilities Corporation,14.64,4.72,-4.26,-11.22,49.89,-28.28,5.02,21.95
IBP,"Installed Building Products, Inc.",0.27,2.3,-3.16,-0.78,33.63,1.36,2.5,26.31
IDCC,"InterDigital, Inc.",-11.66,-13.45,-33.49,-47.95,78.66,68.53,10.26,29.13
OSIS,"OSI Systems, Inc.",6.98,2.0,-4.44,-27.17,32.31,3.48,2.34,23.41
F,Ford Motor Company,1.47,-3.76,-1.25,-8.73,10.77,3.87,1.0,
PPL,PPL Corporation,6.73,4.25,0.11,-3.41,34.63,3.69,4.9,20.99
SOMN,The Southern Company,6.4,0.06,-2.13,-7.83,43.4,8.53,6.0,22.97
SO,The Southern Company,6.4,0.06,-2.13,-7.83,43.4,8.53,5.95,22.65
OLN,Olin Corporation,0.6,-0.93,-0.89,-7.89,6.87,1.5,0.8,
TRN,"Trinity Industries, Inc.",-18.95,-4.17,4.0,35.67,26.04,-17.2,3.64,6.89
XPRO,Expro Group Holdings N.V.,-7.11,-6.99,-9.79,2.99,10.94,7.2,1.31,99.29
MYE,"Myers Industries, Inc.",-8.73,-14.5,-9.85,-9.66,33.77,12.19,2.06,24.17
BATRK,"Atlanta Braves Holdings, Inc.",6.77,-2.34,0.26,-12.79,17.14,21.31,5.55,
GFF,Griffon Corporation,-12.03,-21.55,-8.66,-16.28,43.4,13.0,2.63,22.85
CC,The Chemours Company,-1.38,-1.49,-2.46,-5.41,15.34,2.16,1.01,
MP,MP Materials Corp.,26.13,89.03,-13.29,5.42,-4.56,-165.23,29.58,
BYD,Boyd Gaming Corporation,1.75,0.04,-4.65,-6.83,37.07,0.86,2.15,3.22
GDS,GDS Holdings Limited,8.65,6.17,1.52,3.55,24.34,-7.01,6.18,11.55
UVV,Universal Corporation,-3.04,-11.79,-7.15,-11.24,16.82,5.76,0.77,59.77
FTV,Fortive Corporation,-29.8,-27.79,-29.68,-25.62,63.23,22.13,4.88,33.57
KBR,"KBR, Inc.",-4.37,1.64,-17.09,-4.05,14.48,4.49,0.94,11.23
DTE,DTE Energy Company,14.39,-2.43,-0.17,-21.35,36.75,-11.88,3.48,21.81
NI,NiSource Inc,12.25,4.63,-4.73,-13.65,50.76,-15.78,5.46,22.17
CRK,"Comstock Resources, Inc.",14.17,-24.88,-6.58,-115.4,66.82,-38.93,3.77,7.45
SOUN,"SoundHound AI, Inc.",54.58,45.02,-82.38,-172.05,37.37,-58.09,13.95,
BDX,"Becton, Dickinson and Company",-2.56,-9.55,-10.42,-19.95,46.12,12.51,3.27,55.3
CLX,The Clorox Company,-5.41,-2.01,-5.56,-6.48,42.32,6.03,2.73,22.09
MLCO,Melco Resorts & Entertainment Limited,6.11,-5.57,-6.29,-20.1,31.79,0.0,1.62,8.78
PHM,"PulteGroup, Inc.",-7.28,-9.56,-12.31,-5.3,24.46,9.22,1.53,12.97
TFX,Teleflex Incorporated,-14.49,-26.96,-15.61,-31.13,53.77,15.02,3.31,
MTH,Meritage Homes Corporation,-12.25,-9.92,-8.53,-5.89,18.91,7.6,1.07,14.58
BMI,"Badger Meter, Inc.",0.8,-6.63,-11.01,-16.52,41.31,17.05,4.14,29.78
AAOI,"Applied Optoelectronics, Inc.",61.85,86.42,-16.09,-51.51,28.92,-69.34,16.89,
CRL,"Charles River Laboratories International, Inc.",-0.74,-2.72,0.47,-3.3,32.24,9.27,4.27,
WBD,"Warner Bros. Discovery, Inc.",-6.05,-11.16,-2.31,-12.18,43.43,6.04,2.75,
TXG,"10x Genomics, Inc.",-4.28,-12.65,-6.29,-25.58,70.03,19.68,12.29,
LEN,Lennar Corporation,-7.45,-5.22,-6.32,-0.8,7.95,2.51,0.79,13.22
JD,"JD.com, Inc.",3.59,-3.15,-10.88,-25.55,9.82,1.59,0.11,18.76
REZI,"Resideo Technologies, Inc.",3.42,1.96,-16.58,-20.32,28.35,-18.28,1.0,10.22
TRGP,Targa Resources Corp.,-2.2,10.28,-7.58,-0.98,36.56,4.41,5.03,28.44
GEF,"Greif, Inc.",-25.07,2.72,-24.08,5.32,22.82,-6.83,1.47,4.08
WPP,WPP plc,-7.6,-11.17,-22.11,-18.15,15.89,6.46,0.33,29.4
CAR,"Avis Budget Group, Inc.",0.45,-1.35,2.69,-1.05,31.86,-97.34,2.87,
MHO,"M/I Homes, Inc.",-4.87,-8.54,-12.21,-13.35,21.55,4.72,0.95,11.98
UNFI,"United Natural Foods, Inc.",-3.22,-4.17,-9.83,-11.65,13.38,1.05,0.19,
KEP,Korea Electric Power Corporation,1.82,-0.14,-2.83,-7.35,14.57,1.47,1.53,2.58
FCX,Freeport-McMoRan Inc.,0.67,-7.29,-5.31,-26.32,26.85,22.88,4.15,34.3
ES,Eversource Energy,7.75,2.29,-6.69,-9.73,35.24,2.13,3.93,18.68
HON,Honeywell International Inc.,-9.65,-6.11,-16.77,-14.21,36.57,11.4,2.62,8.51
APTV,Aptiv PLC,-5.4,-37.14,-4.44,-40.24,19.93,4.07,0.8,45.77
NWN,Northwest Natural Holding Company,4.41,3.12,-3.99,-8.45,45.17,-20.57,3.72,16.95
AMPX,"Amprius Technologies, Inc.",143.61,125.87,-117.31,-224.56,22.25,-53.5,12.41,
HTO,H2O America,5.04,6.16,-7.36,-6.37,56.45,-51.67,5.4,25.14
GPRE,Green Plains Inc.,-23.29,-19.28,-8.26,-8.62,10.04,6.43,0.81,9.09
CALM,"Cal-Maine Foods, Inc.",-31.68,-49.93,-114.88,-122.17,23.08,11.4,1.01,12.18
NVR,"NVR, Inc.",-10.6,-10.64,-16.38,-10.11,22.24,11.1,1.8,14.97
LNT,Alliant Energy Corporation,6.83,1.04,2.21,-6.45,42.04,-5.87,6.8,22.04
VISN,"Vistance Networks, Inc.",-38.22,-76.98,-59.09,-108.72,38.45,2.96,0.84,9.67
ACM,Aecom,-4.24,-14.18,-5.74,-14.83,5.68,1.32,-48.74,29.2
PRIM,Primoris Services Corporation,5.12,-10.71,-9.95,-31.63,8.62,1.21,0.71,30.63
GRBK,"Green Brick Partners, Inc.",-8.66,-10.07,-22.53,-8.02,31.18,5.55,1.65,10.46
AVA,Avista Corporation,-1.82,0.49,-4.26,-1.75,44.19,-5.42,3.38,14.2
RDY,Dr. Reddy's Laboratories Limited,-0.43,-4.99,-51.99,-16.37,50.15,4.55,2.89,29.3
GPI,"Group 1 Automotive, Inc.",0.81,-5.58,-18.94,-27.03,15.66,0.62,0.41,10.92
PUMP,ProPetro Holding Corp.,-15.14,-6.24,-4.22,2.41,8.3,-1.94,1.26,
NJR,New Jersey Resources Corporation,7.0,7.81,-14.88,-11.23,28.27,3.4,4.2,15.16
OC,Owens Corning,-11.79,0.33,-31.86,-9.68,26.19,5.59,1.75,
VAC,Marriott Vacations Worldwide Corporation,-7.21,5.94,-26.07,-3.36,20.93,2.1,1.92,
ENPH,"Enphase Energy, Inc.",-10.41,-19.63,-14.8,-39.3,46.95,11.49,3.53,37.66
CCS,"Century Communities, Inc.",-9.26,-7.34,-14.92,-3.62,17.08,1.26,0.92,14.82
FMC,FMC Corporation,-21.31,-17.46,-22.46,-18.62,35.29,5.09,1.58,
BKH,Black Hills Corporation,2.51,3.14,-2.9,-5.9,42.92,-13.27,4.37,18.8
OGS,"ONE Gas, Inc.",-0.78,-2.86,-14.21,-22.51,74.65,-7.48,3.69,17.83
KBH,KB Home,-17.52,-27.27,-21.18,-16.73,16.93,6.59,0.94,12.41
AWK,"American Water Works Company, Inc.",6.92,6.19,-6.45,-4.86,47.2,-19.49,8.19,24.3
BRSL,Brightstar Lottery PLC,0.69,-7.3,,-10.07,46.43,-89.46,2.42,8.51
ATO,Atmos Energy Corporation,6.45,4.8,-6.45,-14.76,61.04,-41.05,7.8,20.44
DD,"DuPont de Nemours, Inc.",-32.68,-44.15,-34.5,-46.86,34.39,13.65,2.45,343.65
LNN,Lindsay Corporation,-7.37,-5.13,-16.83,-26.88,29.46,7.15,1.86,21.45
WLFC,Willis Lease Finance Corporation,16.83,-0.76,-16.22,-30.13,59.76,-14.61,8.12,42.28
CAMT,Camtek Ltd.,7.94,8.05,-19.95,-12.15,50.05,0.0,13.41,184.93
XEL,Xcel Energy Inc.,4.72,-5.11,3.44,-13.66,48.84,-52.63,6.0,22.12
SRE,Sempra,2.82,-0.1,2.1,-1.18,41.71,-43.34,6.89,25.1
SBS,Companhia de Saneamento Básico do Estado de São Paulo - SABESP,-14.14,16.46,-87.24,-16.35,35.12,-8.98,2.82,10.1
WTRG,"Essential Utilities, Inc.",9.86,3.1,-10.84,-15.43,53.48,-19.01,7.83,20.88
ITGR,Integer Holdings Corporation,2.86,-1.84,-6.48,-12.35,23.73,6.08,3.04,33.15
PLUG,Plug Power Inc.,10.59,2.49,12.29,-18.87,-18.55,-72.05,4.98,
SW,Smurfit Westrock plc,1.85,1.15,-172.8,-185.34,17.98,3.35,1.29,52.46
AMTM,"Amentum Holdings, Inc.",-3.94,-1.99,-133.79,-68.24,8.73,3.43,0.59,24.48
VYX,NCR Voyix Corporation,-5.34,-21.47,-1417.21,-13.72,24.99,-4.22,0.75,13.79
IREN,IREN Limited,104.32,-0.02,-20.77,-168.46,53.58,-238.68,22.07,194.45
FDXF,"FedEx Freight Holding Company, Inc.",-1.04,4.18,,,28.38,-2.41,3.02,37.02
POR,Portland General Electric Company,-0.86,-2.48,-9.39,-8.94,44.36,-5.47,3.18,22.71
BBAI,"BigBear.ai Holdings, Inc.",-13.72,13.17,-17.18,31.55,27.92,-56.1,11.12,
DFH,"Dream Finders Homes, Inc.",-12.2,-7.57,-32.38,-16.54,14.02,-3.91,0.42,9.29
LI,Li Auto Inc.,-23.68,-12.09,-32.64,-13.49,15.99,-16.02,0.11,
PSNL,"Personalis, Inc.",-13.26,29.96,-13.62,53.77,12.69,-144.94,23.16,
WFG,West Fraser Timber Co. Ltd.,-17.58,-10.25,-7.0,-1.59,1.02,-9.92,1.15,
IFF,International Flavors & Fragrances Inc.,-11.72,-29.31,-11.65,-24.98,37.52,5.37,2.71,73.84
BKD,Brookdale Senior Living Inc.,-2.3,-11.61,-7.71,-21.12,14.43,0.79,1.26,
CIG,Companhia Energética de Minas Gerais,-19.79,3.43,-34.65,-18.35,13.29,1.91,1.4,9.24
PAC,"Grupo Aeroportuario del Pacífico, S.A.B. de C.V.",0.99,4.14,-33.63,-45.77,33.21,11.25,6.82,16.55
ACA,"Arcosa, Inc.",2.59,-10.61,-7.18,-21.47,23.04,4.93,2.97,14.53
JBS,Jbs N.V.,-16.97,-79.91,-38.9,-98.17,11.86,0.82,0.47,24.58
IDA,"IDACORP, Inc.",-0.47,4.2,0.23,4.23,21.69,-61.38,6.7,24.06
AEVA,"Aeva Technologies, Inc.",56.22,11.34,-55.17,-162.57,27.22,-540.19,54.98,
FUN,Six Flags Entertainment Corporation,-14.12,-43.32,-82.07,-106.08,36.31,5.52,2.48,
BLSH,Bullish,-39.05,-99.84,,-118.1,0.04,0.02,0.03,
AVO,"Mission Produce, Inc.",-10.53,-23.51,-40.03,-51.3,12.27,2.75,1.09,51.4
WDS,Woodside Energy Group Ltd,-15.12,-3.03,-206.84,-50.95,37.75,-6.04,2.05,7.27
NE,Noble Corporation Plc,-11.1,-15.2,-40.34,-37.68,26.69,9.25,2.9,49.97
STLA,Stellantis N.V.,-26.57,-48.85,-164.17,-45.47,2.97,-7.31,0.11,
XIFR,"XPLR Infrastructure, LP",-2.99,6.14,-28.57,11.14,17.33,-52.83,5.5,16.95
AESI,Atlas Energy Solutions Inc.,-8.11,1.56,-57.29,1.16,4.16,-17.24,2.26,
BORR,Borr Drilling Limited,2.71,-13.22,-5.02,-11.68,30.47,-14.41,3.58,
VAL,Valaris Limited,-13.22,-12.35,-32.0,-13.19,40.82,-1.33,3.16,6.52
CIFR,Cipher Mining Inc.,20.3,-42.99,20.18,-61.35,-30.12,-782.87,43.11,
LPX,Louisiana-Pacific Corporation,-14.34,-12.05,-12.86,-4.8,18.03,-0.77,2.16,96.12
VOYG,"Voyager Technologies, Inc.",10.63,15.48,,-9.13,6.52,-165.03,13.35,
NGG,National Grid plc,-14.03,-5.01,-42.56,-1.28,29.34,-19.85,2.9,9.76
GBX,"The Greenbrier Companies, Inc.",-25.59,-31.4,-26.31,-34.05,15.0,-4.52,1.12,13.85
BTE,Baytex Energy Corp.,-88.41,-22.85,-80.62,-2.74,4.7,72.02,12.02,
WOLF,Wolfspeed Inc.,-12.21,-24.06,-6.06,-22.22,31.18,-44.28,2.82,
EMA,Emera Incorporated,4.24,-0.61,-7.77,-23.55,28.96,-13.08,5.08,20.98
PAGS,PagSeguro Digital Ltd.,-12.12,-57.95,-26.64,-68.48,43.24,-3.33,3.42,5.97
AEE,Ameren Corporation,3.76,-5.81,-13.56,-37.0,41.07,-16.08,5.93,19.27
ALVO,Alvotech,-4.47,-20.26,-425.26,-280.53,61.35,-37.62,5.02,
CCJ,Cameco Corporation,-2.7,-7.17,-37.38,-53.72,27.9,15.38,16.42,160.98
TDS,"Telephone and Data Systems, Inc.",-73.81,-73.92,-68.2,-69.72,28.68,-35.96,2.16,8.75
VST,Vistra Corp.,-28.4,-5.48,-76.42,-20.72,12.97,8.61,4.15,21.1
SWX,"Southwest Gas Holdings, Inc.",-56.97,-68.03,-33.31,-62.81,56.61,-47.64,5.68,12.82
DAN,Dana Incorporated,-104.5,3.88,-103.12,9.35,-1.71,-32.27,,
FCEL,"FuelCell Energy, Inc.",29.71,-4.86,-18.91,-71.7,-18.2,-73.5,7.55,
QBTS,D-Wave Quantum Inc.,-44.22,-0.61,-164.42,-42.39,64.19,-958.36,513.39,
ENLT,Enlight Renewable Energy Ltd,-6.27,-57.54,-59.16,-416.41,67.89,-236.66,24.23,124.64
BEP,Brookfield Renewable Partners L.P.,2.66,-1.85,-10.09,-16.02,24.45,-74.49,6.98,69.87
AI,"C3.ai, Inc.",-35.67,-52.54,-60.94,-78.1,30.92,-76.2,4.01,
AD,Array Digital Infrastructure Inc,-94.23,-94.1,-90.58,-92.91,41.1,-95.06,17.81,3.88
UEC,Uranium Energy Corp.,-69.78,,-140.4,,42.32,-595.22,247.99,
NVTS,Navitas Semiconductor Corp,-46.4,-27.34,-20.76,1.87,-1.7,-185.7,75.93,
SMR,NuScale Power Corporation,-80.95,-99.07,-386.04,-831.95,21.07,-7267.27,148.37,
SCSC,"ScanSource, Inc.",-100.0,-379.6,-93.28,-388.55,-17093.34,0.0,11526.03,511077.22
KEEL,Keel Infrastructure Corp.,-38.11,-60.89,-80.35,-148.14,-82.83,-235.54,14.99,
GPGI,"GPGI, Inc.",-100.0,,-65.42,,,,,
LBRDA,Liberty Broadband Corporation,-100.0,-100.0,-107.24,-106.1,,,,
